,driver_id,vehicle_model
0,0038263cc90dfa55d621a6425e46020136a318d12b974340f518892a6ef690ff,2
1,006ed08c7fe1278c64a3c5dbac78c7b0a9cec8d7316c510034e0d9dafaa96483,1
2,00c6dda371d7192310a3b12f05c8c82d56e1b7a39537c229b634839f9ad13d52,1
3,00ce195f11cfa5d5e228095893a866e2ec79cf3aa1c423d869485a5d06226872,1
4,010cbc4ccc307d3b4fd7214c8d6c76d700ec0561fc467ae1f9c21d940fd8bebd,1
5,01af51ec6c430f406fcde188aa86412b68870084ccda59ac34ddcbef3ce62628,1
6,01becb9efd8d1933ad310a978f5ef52cfb152dbe0e96fcce4aa6a33c5b581d61,1
7,01c193f1268abe9768117d4701ecb771bf366693580845d8763316981f854a3e,1
8,01dcd04b5482005a6aa05c81ea6b336ed21eee7413dcb4664af98aafaa14a1ba,1
9,01e8fe148acb969bb254cf41b0786b48d0c9b53313d51fc59c2e21ad49022af8,1
10,024bae9cc699944be50b0ae659818e0862226d8136b79d9e0f24de67d5cd5c55,1
11,029542daeea3d44698724400738de76fcba292d946a007e9b641eac022579609,1
12,02d2fdcb8c1396bb9a73f9805345c9a73a3c8b5dd5ca90c13c236abe107f3450,1
13,036b16380237d9bf2b86f0d25935f44257c696339b37588b6761d7b247d5bd18,2
14,03713c9bbf6502fc4a3a17229bab7f4172fb8f0892dc15829f5013a4eaed4f95,1
15,03df62a0373832031e829c59a3f62fbbc530682c65de32b944513836a2c6c169,2
16,03f10a583e3f6bb12b5aea34fc0c8b7b36e487f33abfeb155304d74056f64f46,1
17,04390d5328d80aba98c3b085f96c01981ae93e5eee734d27ce53b579ed51a226,1
18,043cc326fb8f32e3fb540d4405624f63d1a7ab6b846ccc7431052929457d8537,1
19,04570c114d2c0ba88baaeeb90370b7f9f716eeb4023fa6599d22af78ed05e81d,1
20,04d19fde0a08b17aca69491e714bea43565384d12a63626e08477662cc03780e,1
21,055cf4a88665a9876cbb5cdc3a32180b3b4c7ecd9e016e9253392e99b66642d4,4
22,05998b5353757975e2be6175605299ec4f602d6ad93d128378ca4f1e15e6db5a,1
23,05d4647dfd5ade5b4a0c61d80bfd2490a641b1e5be9e4849c7d7ccb87b8f9067,1
24,05fb3c9a7f20d8c60ade227ba6ed41510428c5d3e3847eac78eb486b06d2fae4,1
25,062b0179e39fbc83950c05c2fe24d4a72c49ed0ee09eaa9fae98038ed14a345f,1
26,062ffbc0bbc4c5f560b17f7711413359887d0a00c14bcbc90cacd8834e99a420,1
27,0630b704380436780189649e0af5882bce8196292c1ec11e84db7a0a71b89613,1
28,0638ef6493b8192ade0e0d8429306b7685fe1191cc6e1337fab13521922cf226,1
29,067ea1716caf605b5ba53949a46af0142ec2578bca0da293c2ac48b46d1bd2bd,1
30,0687424eae93efe2744d2285fae97153a6c3d78517a19278abade27bf543a7ea,1
31,06b9f69304903369e8048a708e104c4869617a17eb066a3a050440c509d90974,43
32,0720b8357f2f6a382bdb3830d157e6ce0da8d746089e8ad481b9e7acc0cfd71b,1
33,0788404dc6de6b88c3ad29014bdd7e5a46f8dfc2fef6e570c6da90d9eafa0080,1
34,07938e07c0edf5a657434ae8db124e8999fb2d2ab88f0409ce884fc6788a411e,2
35,07ab597160e8e179587b9aa2b7c6f70db31f45142a8be4053df1bd64956cb90c,1
36,080239add9f888eca882a482dac2185b569b748e6016e249728ae7ac50a6af0e,1
37,08e39eaad947960558803dc2798fe2b6b07e7f900320e6d06bdf5f5daec07c16,2
38,08eab99d92e1552eead8da191e5da60e7e6979fbc3cd82eef1f8aef70bd57979,1
39,0927d46c017c7e2429fa50171a05fe9661729dbda3f9074688719d0acae93a84,1
40,095fc8a03f18a4394a176146ac2407958070ad27555d9cd4313a57eb9bee9211,1
41,097c3eadf588b8a9586304c69144c2f40e312dd4c40ffb46adacd364adc50db0,4
42,0986063565fdf2d57a9192f9343f15b9ab36c82d14a648b20e7ebc110126ea56,1
43,0a41463df6923a6ad52deeec94c0eb801999b763fad29853abd9768e8df8586c,1
44,0a634e8dce250e8c7034e63218f1aa978117abe8a00ce278f7ec76ebe57c6154,1
45,0a7b6128965d4619d915e4fa016b9596406f67d5e8e6dc8b7b56c19571f2ba2c,1
46,0b4d7ccc4a9f3cac9401f3e2785e78e9563ae4c6f141b0a1b84589399b089d0f,2
47,0b740e333ed077d968774bcdc56c5f19f3b0dce02fbb8ad7c3659ced4bd037c5,1
48,0c05f81ab108e8be4530dd97600e06d02410c472abb11be8de7353553dd901a3,43
49,0c49468f854e20a591f566e2bd39700725de0d288a564ac7be82eba1b85b75b9,4
50,0c4f2da2232996d29378a49646f58ae5e7a16f0f5257913b2b4b15233f9b0dd1,1
51,0c81de6f71e76e79f20b43c4fb71444c49daa2b1aa1a669dc2bc1acbb547d329,2
52,0c8b3272201a74127376ecd56a2cc0b8e544b732c77f2b041938a349029146e1,1
53,0cd517eec7a7988635f226eea60408bf9eb078f8b34d3180f75a6499bb88ba1a,2
54,0d2bd0fe533615a1d721844048825119c19ca502225e44325d3915a8f37d0530,1
55,0dd61660cc61b2f9c480ef7f9aa5bdc9a5fdaf15a23b78e52817b9727b31b764,1
56,0e2f61fb0eeb494034a4d7bc11c249e77e9db0034993cb4cbf9fab99171b9fb3,1
57,0e62c763ecdfe45b64768543f746b2a218df4635d3743280d20deab546d029ee,2
58,0e8b0385c45895cceccee235b4d80c67dde86746ab1619ee757666f2c2a24325,2
59,0e904c24009b4406c0b7e64317f6e6431588d5f823cffed8dc8d09905ccd6441,1
60,0ed01d629ac011ab0f22c60958e3a08c4fc86dbdd982b5a177f109e6e34e3bb7,1
61,0f3c75cc799f636d7c4b858b856ecc5abd2a04fec49024e85e5f23741a74e180,2
62,0ffe6fa805ff889260ff6a6e08988aaef18a5ace590bc689edac3af9cde07ad8,2
63,1044aa67ebb6748c198cb87c2e0e467e2701c7296dc8d5a49892ba730ed6b879,1
64,105b1d1853beed43cae5dfcea80d162fae4596e09da9b8679e58f34cee13ca46,1
65,10768682d2911c0a79d67e93d9639d18eb6223c101ec2a65786318b0941cdc01,1
66,1086d35563c495c1cecbce12135cab3b945e01dd185ea2c1dc8ace5ad988977e,1
67,10e279b2959a06235bde9c8a3e2aabcf2ff2edd355ff1d8534b3dbe03cdaae64,2
68,10e4e7caf8b078429bb1c80b1a10118ac6f963eff098fd25a66c78862ae5ebce,1
69,1111bfb2bea0162298fcf4fa4e2e1a77866dd90853f80055c9a19ded8d52bbb6,4
70,1115fd804c8295496031826e0c1b061d9155b0d4ca002ba167221074ad132f34,4
71,113ae58b13a2d0428bf5698f3d2305dbd668b6603bf2668522e6b3524d8c3ae3,1
72,1198ffcbf2aa641d204ce5d0790d54e416295633c684f37d7fa4e5bffe207b15,3
73,119ebf7b0320e856917dad39c0107729d53e052e42621f8091150a9d76433754,43
74,11a2285ba912de4dfb8808997deb6123acb96f52553ee245d87d8789e96a18ea,4
75,120d3f12357857952b43ca472ce3db4a551ef606e269ac83b47070dac84b4fcf,1
76,1218504cc2ff236903cec75d272df8f778840da6f960e32e046b7b6f334524d0,1
77,121d5563a710e447081edee9f002892ee264492d49294426bc399ab5e6be4d6e,1
78,124067c79515ce490bb2372af999c91d73756b7c233f405c49e9376675ad35cd,43
79,1318a730b18772108f783d60f9a1da27a2c4b0282ddc23e593bb1677d15e34f9,1
80,133505d56813631daaba37b39493a3f448501de1d237ba5afdc1efd9fbdf4bc6,1
81,13f23f2187d9a262239ce389ed7832be52767fb6fc37b4ade5c45b0cf58285c4,4
82,14a96aae4181671fbed97417b9b22cd8a7e833df57fa65b6dbc7f05bcc103a68,2
83,150bb80eee9cf1d88070daf36e1d88928c156a0fb5a93dd9d75a5553fde48904,1
84,1594fe5c44a604b8be497a237d26985b1a00d978fdc5e6db79c8f1ea5564a153,1
85,159a4b6223d000e4606e8721f95e2aa334ccee0a74f88d059ed485d829ced220,1
86,15a09446eb0d5f540fe75057734f5907f3933f2491be41d15912ce9d8b6a1260,1
87,15c316579944a0441c087782ef1e40dc1bce9826bd6715e02073ed07106a21ae,1
88,15da563df296d2ffe8836479570951efdad4cd48290a53bfa7aed8ea23fb4c6d,1
89,1614629ad8ecc14159ee51934ec25e0e20b5941227588c82c8cb182b5f5cd45c,1
90,163560b1009c34709f4e83a83e52423822043ba5d9b5181307b1b0129ecb7c6e,4
91,164ac2402a315348ddab8fb794bcb2a0a9adcae53fb9a70ee15ae6a224acbaa6,1
92,16642580a05490497b7d002504b3b5feda4a328e827a2fe787ffa953e5dcf136,1
93,168af71137530d4a3354d37bf217323dac6389ee824585ad8ad4369eb28258bf,1
94,169e12a080bb0da2644854bdc572625dd9c19f7cdbc0239263130d8b4cb0fff5,2
95,16a2748467cca1f6ac33216b41be9ab38d7b07b07a9f4acbfded0310b9764f08,4
96,17dc7c37bf6af6faab8cddbd5eaa09c106da22c1186125847cfe843b611a866c,1
97,17ddaaaa432c319bf2d1f29b08f7dd527ee77446b6ce7aa38ae180e1dae06342,1
98,18367fd1e3d6cd04132641bad17be4c183bff4a9e43818e62d3b29286e837821,4
99,18544911d8b71245074adbdd5874f23c8f05dbe7024149ce0e1747e8223159a8,1
100,189d855360a3c7287f31bb56069dc4b7b65e849807ea8611ebbb11baf9d1c853,1
101,18fd5df471982997b38fc9a8995411044428d7380b3b77edc46ec51fc003bbcf,4
102,19358c19d4284f6cb936b1018f33ce7a36a9fff037d0d9a9f38af43ac215fb03,1
103,1971d9fba876a574c0b16358a8d90d283be869366a781f2d10c73b32fd78491a,1
104,1998d3641ecbf8a19298b0441870cff5e80a3488ccf603ce6f48902ee61770ef,1
105,19af0f40e917a592aa4987e022ddee7c2875fbd6ca6b097b3cb3cffed0a23802,2
106,1b542ca04607747d16210e4b26f4fffff5f1bf397add356f8510907779bbec92,2
107,1bd3b51d29f0e9bb39278cb0c3488415b6421464475449fcdf0ab526587e0695,2
108,1c88e8ec350303f741b70f26f4f9375e9c4c5019343e9b1e044c791001ab90ec,2
109,1c96571e11a59d86d3098274c97d09d250e45f4ca7119605fb68afd6a24adbed,1
110,1cbe56f90cf2258c45e251e410b494f62b34b41d092162e032909524b646f6ee,4
111,1d01b9817971247c0e2ee82e1a07c81c3be5104e849b7a98585a0064b57c9ebe,1
112,1d1652ebd5c754e3a6cbf64823f1e39d42ed3bd43d05a16e28d5f04576b10aab,1
113,1d3bb960aa5842415783503c8c8bca40ceeaefef3dc9328fb714110013d7c518,1
114,1d776851b9d1da875e0af6c7cbab085a47b5ec92574bf34a3b40496644a9929a,1
115,1d98c5a13249a9b58b8c1135afe3ccea0ac3e6cfef668931e414eb9a8676d104,1
116,1db5e63e12f61127824eeb396394c9b5083a917f97465533cbef2f187347f2fb,1
117,1e2f2c186699589a990eefbf4b4fa3771067355bdcd25156bdac493bdf9330f3,1
118,1e6f6d9f26d6fcdfd98e37ace113639829c9dcafb24ddf2f2c8dbb400f8a830b,1
119,1e78e6ab2bc842c283eb8278fdb90e8137fe13fed3ee588c88005fa6f4e1d486,1
120,1e7f898d348376614dae4b5ffb06d84970a7824dfe15b1263ab0ec5c7e07f810,1
121,1e9c672d74a9fcfa2975c89d02841c2a57e50bb19c85aedacd2c37d827f75c8c,1
122,1f01d6318c4f60e78988de825c55510ca939e50a36f3bde662c0b3fcaf44c878,1
123,1f1953526b9f964d1cffd574bd60569b86ffcfe58d8c30b0d8aae28b73c0f1f3,1
124,1f4570eb8d47ee8f8df24218ed6339eb4c47177fc19f6fefce7db2ebcef3e802,4
125,1fe2067629d1456811122d93b09e37cb1560f2c671f0e93a0fd8354fe3a82aaa,1
126,20661d0ee6e111005da10092a646d5fb9a7bda669e679cb73d33672a6f48bea9,2
127,206e531a146052db2be61fa2623afe037659108c05d16dcf173757bda3718118,1
128,20bfce9262161fd15bb6381a5433ba9299207140582b962f4c62fead94440a33,1
129,2138e671032e2565a217db00fe337d4864d9880cded19465081068141b32983d,1
130,218420d4de9c1de82be04c37b6eb5eb2011d5c27f8708da3dc9a666cecd4f54a,1
131,218b87868612ec5f83db213d611df4ea6ce60d0596a940422c0990f76c5af919,1
132,21900f41ecb7b8e6cfd9250f096aad2fe7f6d8fbec9436b2d28e48c304ff8255,1
133,219e9bd780eb35e7610df119d8f3a8b488c664e50a97862795ddb9b13273f2dd,1
134,228cebb437512037028db239d741b0945c8d4ef0f3b66ed8bfd4c005364fea92,1
135,22a3f0ac2b844406abb20f191a36f739eccec8faf1f20504f1c7b85855719842,1
136,22f1af88a1faffcfb04bed006b2fc21e1f19ee457f5a8ebe45ea8ac49e11db71,1
137,23430f087964703abfbfd2b53b7f1f7cf23afa7d94d7b3a69f1e63a25d39dbfd,1
138,235b3dbf4d73baf15356de6b2b0856d020e9c880b7fadf9abfa24f411ad17311,4
139,239f846436b97f877f2ad52e3e916d04f8595fc2dd75db208ea4588c2a8c4b4b,1
140,23ad860643a6140a2b8db7c3f6f961c36737e98a77118c4e609ffd2eb5afb311,1
141,23b6a4a2156ec5388d62401197ecea4d4140b8f6bdb1640e841ad82524e33cb7,1
142,23e25af3ed0985fc83d10a8d1b58cb3fe5bb51a28c5f24a000010f17015036ae,1
143,23f527ca4242f1dcc7da3699a8efb9c13fda55b2e863590c2e4c2ee29a5e9973,2
144,23fdecede4180e56c73dc1d511f740a892fd61ff11294e49bb2b4fc4a696a260,1
145,240e8f428109187aea4d198ac27057647a0c83afc2497a35125fb6a7d758133f,1
146,2412d0e95b761b3a029f668f9104973bc9c48677fb0b1ea5428a27f8abf97cd3,1
147,24398d5d873114391adfc9d3176e4c75da947d64c66e63132494f9b94d6d98ae,1
148,24846e7d2256985acec1fee9cd93447070b62088e34d775908dd8f78866e86e7,4
149,249b78c015b00dd684161a47146575a776760a7b561c24b770f422dace538d8a,1
150,24b413fecb75bf825685b254e18a84a8c4ac0a8418ff1fd8ed85b31060d0752f,1
151,24bafbd436817f73f4c9d4053f420f30427d39e84f4bbd011ee2d452a733ac50,1
152,24d6ee30969c3743f644c84214b68823d35507c26fde2603f7171f01ce97bf82,43
153,24e5509714d0d5c2c547e5076151f4054cb7cd93ec32a61ca1383a0e7b0c809a,2
154,25219d3fb229e3bcc75f98b9d9c07abd23e3d8d68bc613901aed6d131859eed5,1
155,25824b30566ccb83fc8720e7e85c7b57833258bd4d779863cdd23b8dff88e588,1
156,2588b8ee5edd374629af9bd2ba219b76a028f11f208a69b2a0a54d611c1ec5aa,1
157,25f45273a7b610da80768d5bf504473dd8872509b66e1e61d54bb6587188d755,1
158,2619495fad0ba5085397c5520ef2b0766fcc8d278f1230c32ef7870638bf34cd,4
159,2630bfafa46acda5e8f953e424faf984694916b095ae9c5edda3b4c4fa17e43d,1
160,2633e4c03d46f022734224dfad4ca8ca71e5f21dcff9c30bccc5f68ac14e4b60,1
161,2793907120a13f05c9e6bbd29b4e89ce6be96f07bcd8c32f4c855b21e85faa79,1
162,27fb104137058ec341e4f71780bdb1f6ba0d12ed1cca29fd1895debb120b1159,1
163,28342c3f03e678fbc1622d39a036b47df68a0ee149b413cd5a3ddfde4f5c18d6,4
164,284b7e6d788f363f910f7beb1910473e23ce9d6c871f1ce0f31f22a982d48ad4,4
165,285b9f689e58f9a4fd0d1a723180c3fca83097adfc377572d81efb81b78107ec,1
166,285ccef7c4a3939d4229f3b23f1a8ad26c0f14e63a405ae2b2e60726ab630951,1
167,286fc4d27e4737d53443c877011051b72b3495b55db136b38247cb250cdbf676,1
168,28c5742c396aed7bebf28556f504b545d4847f5a39cfb4d1ff27e3958989d2f6,4
169,28fb2fa848f4a6bf8c50fee3f8423795a63610431480250fd644118e6007e929,2
170,2902cfd60e116357d616d099f28129f30b0bc6c87b017d88b4c626f525af2048,1
171,29217270419ce69c6122633e5e203d166b9abad7f2c22da748c1d7b160b3d311,1
172,295086469da28bde0fceccba461d9237adad39e17eb6e39eb2f2e21b8660e059,4
173,29970347b7b76230b554d1c191085b1ee13eaeb8dda4a4619cb079ab7d2f2f8a,1
174,299ae77a4ef350ae0dd37d6bba1c002d03444fb1edb236b341962dec14cb4bb4,1
175,29fa971ae3082ba6f15f07aedcdd6dcfc148a69c09ad7d58d9cfcf0c8d69e6fd,43
176,29fd1775e611103eab8880262b59733c24b59c44fc7002e2802bbbd12076bbaa,1
177,29fef91ea9123ed10aaab390e3cff3faba34b198c4844fc605dd5dc1c07cea13,1
178,2a12a830afa2030e94c590973e4263195a6eb49e4abd3b682380e4d9a6bbdf12,1
179,2a156994fa3e4f355638229e5d39095313e7788702ecfce3f74b87b8a4df2b79,43
180,2a64c2efbd8aa8434485402d58ac4200808d2dddd3664f03ff734a491ab2bc07,1
181,2a690364f8e4f420d4041bd6749e28bc9547313d2902bd8d6cac157fcae2dba2,1
182,2ac6d46e5b9105c3cda5b75da475f241162351c459704114e40e9e641dd130d4,1
183,2add69ab22442d6772fd017cb65ec5abdd674392233f25fdf9a228b5f1970c57,1
184,2b15f68cc8055fd3bcd32bdb9f56db59258503c438a6ae1d4013f6305e3e312e,1
185,2b1fcdc112f077f5b01f73fe484e53e73ff291d34adc372b1051473d7f4c4325,4
186,2b6255b21ae4e35a45781e3676ecbb9cae26653016eecc3ce5d24b2338ce30e5,4
187,2b6d5f380e781f0ea244edb1d9692aa9ebad8447cabacf5db0f59a608fc972b6,4
188,2c6465643746055d08fc3d3d7ee2ffe880be37b7758ad7b9e76c439b9657314a,1
189,2c70e8d022f60b51ed1efb96c3dbda9af8498c526435e8b8d3ae83110bf769eb,1
190,2d9ca746aaa4b7b1e5fc1f553034f76e94d01fb18183f81649b096712f78f281,1
191,2de9b960babeff3d102bb91c52ba33005c807487fcd8d9185d1080187aefe192,2
192,2dffd91873ba369edeac9967387121997cc46ef818e983e3504951c82c65e367,43
193,2e6317731e7713443d52be487479de1a9c0e136010216a8ab9121352bf87c2f4,43
194,2e6e055e719e728fa0705c1a9770872f7c57b08cdc771b611118dca2c77672f7,1
195,2e77be0904321a5b8551a4946e63e5c26836e79fd74c7ab94359d4e8ae1d5fc1,1
196,2ece6f2c925a4e15f046f02b78083a7381fed56094234f0071443d00a93c6de6,2
197,2ecf296b124e11a1fea75cc07f0a0e4fa33215cf257c7f534bfcaaa093c05a26,4
198,2edfb44db2bfe2117199871acf8b4893f08799cb4a906658a301a533db4337b4,43
199,2ee2761280b534170be21eec4585a09c2c977c22b3f68245826aa79dee5a90ae,1
200,2ee9a673c980ce92132c0450fb3911b19c1bbb3aa7cd2b311267ba0cf9f99c34,1
201,2f52e53a3a29431b455636beb760c8ea69b215aa90d3fed6e9e70f60d4d0db8c,4
202,2fd081a73b76bbd793102e88ef380791276f120b7ea73a3d32dc4b3239f370a3,43
203,2ff0a29a1ba61052d99d86434430591631fa567862ba0ef1307b959a655e1b95,2
204,3021b9ea79f7a8209b8ae6bd3d87f37c2927cdff201eadcc96d6d48c74ae9002,1
205,303166697c8c147044cf20610f85645a41ab86fe61dce283a71fc54586814ed7,1
206,30606ac3b4fd5c618ac4c6555ce007edd7fe73d75b685320aa56be211ebc4b40,1
207,306e254de3efd6aa32db039634985a233995b0132abcf72d9562c9d51479f3f7,4
208,30d771075a14e4e953f0e32a1dcc3c70cd48eef422843acf2d9adf419d9f51f7,4
209,31067caa7ab7d7845a5acc2148df51a73d4e33bc683abd8301651b2a2bd15ab2,1
210,311d4fda03a15c1cc2fce597e41d1bdf8490e927e626e93839e3534255d898a7,1
211,31201db611d195d1e26738730101f94b8aacf2d49452615a1a8e2ed5b410e516,1
212,3154c9cc4526142b6c75f88dc9137ab19ca25643a9e8879fdcd921cb2f1ff8cf,1
213,316e68d9d8b6d6e8b14e6cc2e5de3dca3dba90980bf648d3262c6daa3275dcc4,1
214,31a634477fcb9d7164dac33e41f896c0e004a23bca0510373a7d1a3186abbe89,1
215,31bb4a1c72ea10c5afadbe4993676c75483b1c84059ff24f4bc870edac3d785e,1
216,31c9447aade1757c43724c6d4cb7ccb2fc31e591bfb4be18be7f5c5fd18bab8e,4
217,322da06561f9c7316e37b03e5665954bff6a5da4de0b23a686cde20e69877762,1
218,326667459d29713f501b21dfb246a9f2e9285f5342125a17b6a1acea74379236,1
219,3267fa76ac1ee994125335f7d710abd24e9d8585d9275a42d965d1ab941d21b1,2
220,32b899e85c20b1c2e0664d739a16373fae3445e20a13612816b81321042ee707,1
221,333d6f2b92f783a9ca1a017c1ed783d5019033bae043bdcb409eb8760e89bb49,1
222,33632602488a1b70ac0b7ae4f9c37b6a83cddf8ca4aee7c524f713fedc17addf,1
223,3380f3fe3a5641b1ddd2dd8b3bf8be4a5f37af633b789737b51c93fd0df7d795,4
224,338617c08e85ecf665c8c1ffb57d6bfce880277de8333fdfd5021b16547de253,4
225,338757053ba52d0909c206752f421ab66b57722419c7ca9b3b667fd9dadaa1f8,1
226,33880b3e26c86a76d5dae1be9fe614db625944ba052d496b7010c8ae82960f95,1
227,33b847e4505f20470108d6d830aecaa25392b40ea2c108cb13aae47caf5474bc,2
228,34055f93b685ed031742bc809458398f185fc406d6e2ab5152e2efd0729000ff,1
229,3446fd234c998f840a0cdbbf86951269043c511dbd7bdc3c3f1b2c38fbedf028,1
230,347f1ae5f756013eb3589ca663d76ca2a6303993b653a6fe8f021a96d51c7487,1
231,34ab991fec5ec0d8f9ae51b4103b4076464594762757acad6b7a7409c6ab23c0,1
232,34d1d220b7ca25cc61cc9263622d109408371c71c7bf22ba4a4eb898a1df21ad,2
233,34d46bd57a614efc87f21e0f813b9578531cf60187c8b2f16d5f5848b26adee6,1
234,3504eab4cac9bea9b8b4b15131cfa228b1bf8ba7185f1104ed35e6edbc79e39c,1
235,35343f2291e251cdc0c8afac38c1265eb1e2c927990e9322ed51377095052354,1
236,35554c2c846db62642d1afe9e859f5de0d8a7be7a6f07ee84af3e230c98cee65,1
237,35fbe145b8589e6183ff668083171b246cc16e71a6b6be43467905e0b5167e67,1
238,361736a1eea9bffb2b5b83743dc051491462f8fedca2d58cf251d6ff0f917ef1,1
239,364703056cb2ed18850a98984252eb5e91ce0c2a038b4c05f8987ac30ce9b439,2
240,367defa4254190df7dd9ad7e7afca71dea9f9f2d7a5a101da6a070a8d0a0157f,1
241,36befa8062815d7c98d7aca45726d68a5e8c37ad7d36bc5c13917ec72b094613,2
242,36d3ef76750a6979c79a87939d4b76b037025f8438e841d082be151de7732c41,4
243,3735f6030f838c32b629d1fe260c4e38f5c6a7921185f4c7b15efe7547e57cbd,1
244,378cb565f311e2f060d5202899399736e1525d5f88ea336007e3dfa0d55497b0,43
245,379172ea7c50dff0e86d18c5c9ebbba3480814ac69cf3ff0c8a94a568037eca2,43
246,37ccc2758c4bbf8bad511a73bd48c038ac8dbe0dc669c2eeb6da434f0bcb9f7a,43
247,3888494ad4803c23e1e7d715d56595395add5ccb79953f9b1ea0bc931497b45b,4
248,388c2eafe5afd475492698c0995a2daf157eb3b3be8207391d3a023c97c8c034,1
249,39438aeefef6fc740efd62362a94c8494149ef4a34faa3d8cf142315e6d51ab8,1
250,3952bf246a509ca99a232c4a1cf0e24a1b09eb338deabd6db700ee120482fbe2,1
251,39a159ad7fb62ba18d4f98c28ad8f3aaaefdcde008fc47e055ece76dce53fa39,43
252,39bcda02840109994774513b7398bf02d44a20391054eb5fd23614c0257dbc12,1
253,39d252f88dec484eb6f0e872c9b887a062b32189447aecb7222390c16acb8201,1
254,3a22381e0eac4d2e19eddb5ae70835ced4140a411bc995cc5151894bb2ea6e84,4
255,3a2973d660e446db44bccc17c08d8f135f440731d6ed0c7b8cd4434ad2a32140,1
256,3ae605505a50f921a198a0ee50b57384e04ccdfb0eecce8600059f8da2995e96,1
257,3afed790888baa5ffa0614bab799df26ae8d74b190f477571ce1445d306fc614,2
258,3b08b5f5d8d49718d70b948b173237da7a3aba4b205561f53ce41450b2ec15c1,1
259,3b7899f1d8177613c7a7e0504d661077492235b865a7bb90533a483d75ac275b,2
260,3c3702aa26399016f4d58984ce2c02794d47870c8dbb87ac953b920f70171cc8,1
261,3c86d3950e4035d856ad68deae54ae42f272bd147e9f7669663888a170917e1f,1
262,3cc040b3bcf93dd490d3cb32e4525a2d4a48f40b2db838f7e6ead81c9c6f6fc8,1
263,3d1cc502a765c6ccf6b887e4ef4047c64c096b863d0bfd7bc42b7d0dbafa92f0,2
264,3d537ae417790bec6845b27833fdef9f351f7300e32da821383172751fc4ac01,2
265,3d5a7949055bdd95a362a8156279ceee33959725260f43734cd191870dd40053,1
266,3dba955c666dfbe7dfc3d94a0f3167d6332cfb5a9d16cb798f3e78b8ba650d29,1
267,3e976cd8d9651395f82bcef5e439ca6459392d761fcd87ed9a73f3b10ffe0d6f,1
268,3ea6495c691884813ae6b225abba87094ffda2a8d5833af20e458e2b7e57f5d7,2
269,3f179348943540e2c0412a1b5da579b3930ce2eb84db8e430e94083c4c237189,1
270,3f1a4e38fbd268df319564cd6af2e53e05358223d91de51f83b9b818eb8e49bd,1
271,3fa41f06cffb0665e5552fa90abb1fd575d87adf92b3851375db254af38472bd,1
272,4033ed9b0226949abf0cce054ef0075cfda7f4a0d72b1d02de8b143ad1eeb471,1
273,407867b7c2e5366b2a2edd43ea5e51a8131987993873fa4d0ec66a22ba75e14e,1
274,40e44c562dcd9694346b7ccbf03f3239cc77836eb7a941461bd7bedbe36d1080,1
275,40f50763b1447b53809f91873e4e8cc8e67940e78d4eb6890f0dd8b9d7241f83,1
276,411feab45236709393a125a7717212f10667f7e631b1efe050dd8cf23f953575,1
277,41462ff695d437dfe98a3379e01b48773da62c8f418889cb24aa77679131fd3f,1
278,417fe1cad7e2a367755c13a7d76d3a5aa1162f581baa5012fd76924a16d1204d,4
279,418cdd646ed33918787cb488d446b65bfdffb0e7d33912c87611379b2812a551,4
280,4194af512016a0ae52e05147a34f45de39e570df872a5bb30d7c4418a6f5c105,4
281,4196d918f2ba6d0dff68357939c115cd0dc2bb81e22451779565275368b3f8c7,2
282,41eec2f29a5bfacc5d6e1e78a369db1190e78de00407b176b41cf97441c25c37,43
283,41fb02312c04040694f9d399b1df74c59a63a2d3adeb9178b52549406f3cc889,2
284,425ab9e9e0aa2213b4c3e192fa110a9be0a55c21956a474204ea526d294d8bac,4
285,42659137b0266ae3f753f3a1cf83407f9a39461f44c337a464e251adf3b26c43,1
286,426f3ff83b252f5adc50107b652f18082029a4531c4e990df507becee18f12ba,2
287,42ad4129b80266c828369dd75416051602fc79079e549baa1a1302746628f1d1,1
288,42d781a6d923472d0fcce3308ee3a09b5dae4f84c4db381b643ead9e7c5ce1e9,1
289,42de4bad7de9517b1fa6e8e0e0ad73434c03b105fe0ba2f05ce90c2b01bce870,1
290,42e73942e9adc50c8aee65e6575f081d6ae02003dbbbda660844bd13dd5546e1,1
291,431762c22b4fc1088c2443946e27fb27768688762b5780756a91228b5e9b8fb1,1
292,43462937931f4de544388a15ec15cf8d834e4762938aca10829ec794cba529e4,1
293,4346fb3a775dffa6dce3283e7bdb6925650bef7cc13b7766a84dbb2a76f8c3c3,1
294,4369f5f9d948cd360e227e7351eee4bfca9e4544806a4affa3d481cf7783f29b,1
295,43ab93779d30ed22e06d8849aa00741a068e92618df8739fea87ceec1f966927,4
296,43c33bc8917f644809b960cca4aad47030703bdc9e1a526d90a4636627ef0038,4
297,43f5d9a3f8ee46136d435de3290810aa4529d2c6ee1ba0d0a496249ffbf51e29,4
298,443935a0199700effafe1fc8810c80a854070e9ac2ce4ed60eb95318115a85f5,1
299,445fd3a97a986f691616791a236e1e37de35a2b2f80be8663bad2cabccf7c310,1
300,44c53e292f0193ed840db37357513c12621990dfa18385ff1fbefcfed2556ebb,4
301,44ec3f16a64f87394020df956d1a8343d04490f7047b81f95a115e10682cc5f6,1
302,4566f27ab7bcb1443cc4b490286c870e743e6693b08a1371ae806c374b370fe6,1
303,4603b72caca88e4b192785c83640270dac6cdb0cfbad78e2107ee830f7b8085b,1
304,4622f03adf270352889fb179ab36461e8dc78f57cd5615f9f1cb7c9e8fac2868,1
305,46391998f0b0c3cc86b067e8bf263608a744c86df95641b722b7d95fe611db3d,1
306,46fb9368a010cd47457cc1a1f435ff2c4d8a8418f163367a0abed754406b1377,1
307,47134f26d099c1a0bd5682dfe3d1c638d965623ea5d4ac0e626da54354e4b3d5,1
308,4771bef2c04a34b548b77ea7581cf821152d9dea9c2c85151a07856fe3639314,2
309,47abf82b593b2b1be150b0a617fdeb5c7e5b4298392e3476921ea8d56da8f75c,1
310,47ce0223298c445d73070bd88fa81ae88e61b6ddea9078f5ec622e95f4248381,1
311,47d37eb3366cf1452119148f184c1ae4c980283d26f465b3bcd7a444fbed0f86,43
312,483286f4c0d4d03cf513a93e7f735d5f5157ae30f1c6b90100a71ca73721fc91,1
313,4855e4a1b5342933cc957fa5778eee848f4fef219df8ed875ecf863f8ad5cdb0,1
314,48c548e85953c8047ef7dec59f09b8354328aefcee46b2306b4ac72d7f865a0a,4
315,48cc3b460bd13e3cbc8eaad026747c2f6a8a77c0bd0ebccc695b7055fb63a1d1,1
316,48e9988dee4c444064d108bf1b5eafd4a9914f0c86918bd7a49ea08acf7fd46e,1
317,49c2a9aaac9bffe437b69d0bffccbad8c32283865daf860031ea00e711e1e9aa,2
318,4a62e8a17e299edc48a7f84daf47cf39c2f18f431d13cb1703da0709ebfab97f,43
319,4a7bb23be71c867d8836f1715f438ef910086453584adeeca911395477163889,1
320,4aa228eef7a1b141d86820290760b4c5d44652360b99f32b58de32acf3d61e38,43
321,4ab75b931e46eda84e381be209b305d1ad8833f230eb2438303b8e065a0334af,1
322,4b0a20e69410dad73bededa7300816b358c9f5c5c2a9fad9de44626b1d951f34,1
323,4b2937fadff4696716d46ccfa5f64b04018735d8fb90d45c1b2717080d63847f,1
324,4b8547e4c13c4d69ca8c35a7b12c865ee9e326ecda722da4c2eed5f55bddb107,1
325,4b8d2b0fd6f4d59e105893c95ed75eb58d447f153102dab312fa596910638261,1
326,4c27e8bacff4ea95d248bb1768fb9744c40193c44d7e446f5d2fb58360e753af,1
327,4c3f5735c3adde7714d4458fe415bcccde0088aa8ca945619d10b7fd77fe45ae,1
328,4c5eceab3380f9247e07e8ad452b4ee5e702837e1b20232c9b861b5cbb16a0f8,1
329,4c9ea7ac54347c773dd0e52b8107c659b28576f59be7fe4647ac557ed4289956,43
330,4cb57fcb260be5bd9630ce742756beb9cd23318d47241789f69aeea074223614,1
331,4cd85fb3a8be36e26b2993712a59473ecf74a9a60d79c8a8ca2514f01689c749,1
332,4ceb772a673d4c1574f9c43b86c90c9f5b31beab9dfa92f96a607ad4d396d533,1
333,4d9bb9e59b69443962cf53a7c2120cdce4432ca3cf789e894566f0705d566ef2,1
334,4dec3a5ee8cd5edb103e3dca3007635555e055ae09b13f3e0792d5e5205e8a61,1
335,4e109c9c9248f1b8976ca38fc260ae48d341eb342ca36369b2867268d1403400,4
336,4f14e081994ccc3801c3a2e7f0577efc48a055508ac27338b13ec2d2414f02d5,43
337,4fb475b3a9e5d2655bda23d2459030cdc6c7eabc15024786e10d3a9c816d1055,1
338,50102b4c172f85df45f7162f11598291fff4b0cdec651d7d1741c9ed1cac6b92,43
339,505e9019ce56268fbeddf9bc01e3ef0f52cdf05122c12b44f6fe75edf92d1403,1
340,5069efb90c5dcc14ff24c279298d9518675a5bad8b71e2f17bbd50e679269ec6,1
341,507f95e078c4428cd96a69ab311b4451076d049017405211534cf448699fc391,1
342,5088c1bc42f5cc6a32cdb92d7524ea06febe006baac86a0fc8986a8ee00602bc,1
343,50efd60a9b068a197de0b0585827da60b310889609ee15ad4f1c4dab44b64e84,4
344,5127d3c5cdd06623b4b0864f2f49d45c5a359151f61cff43b8101b0c3a24ceeb,4
345,5133a0240d9de5f327950bd083e28c35b899642741ac0d8b0c2e1b450ae870a4,1
346,51513242e7b7cb31b2529cdc7534e3b9b4f60896094c31e51d3b620297ab9e87,1
347,51545f0a0e15a2536168fc06103d44c52cb77479535fad679ea61c28067d6c0a,1
348,51b5f98d4cdc3b70b0492bb0cf63c42d9425e5dfa10bfcad98f9f530c7627447,1
349,52128e81c3210247cee49a476f4c22d40b48334e9f0f8794980bfee7b9a21cca,1
350,526170389a9e45ea1f52b712082b94dec082f797ba577f53637fd669d1b37040,1
351,5264efea3b4678d5937a9efb8fd5ec64e5761aec6efc642361c8836bb5da12d1,1
352,529b3c8875a85325729e4922927dd75662cf6191ece3a858cddd5d63633065ec,1
353,52a8e84dfaf4d7e203de0cdc7d0cc7e1bc1015271d98b012ad8b7d96e10c42da,4
354,52ad6e6cb920c3a6af04f63ec5114111b29101c2b6a8a3990d1cb54c53201f1d,1
355,531300f95b730249351858ba5d65b7855df80f3bcd60c2cc7f84c1964ee939f5,1
356,5325b99b918e5e6d4b6bd07a2ed19c81014ff17e43ee23419bb9f39309daf3ba,1
357,53312e223848ebfc6c41c94f7e2d4754eacee3bf058b5855ff675d5f49ba9cf0,43
358,533eb9a8909f614c351b65e6b8aba1ffc2890735ce9a8a8936e17c05335dfa47,1
359,5344ac1bbf825b5e14960473ce646f5e179018226d737737126de68fd39807f8,1
360,53c68177154e15abbe7ba90193f8e2cbf0578c830b5cc75c1d93a1fde9045d64,4
361,54b31fbf96cd74a2f5b37d9a846e90b6f5d4be36959d607678de09064b4f6978,2
362,54b6f66747581b17e25f01884483975fd9da45b9ec0ccaaa570dd47332a061db,2
363,54d639e084afe6381ba6ca5cedaa65b7719c96ba05681dbfe0888e87db261d3c,1
364,54fd8956d65e428c945976b1ecdf88b91ede8caec3e891b6cd0c6681dcf95681,2
365,5510358d642c70f4572e9fc2388b997716f8a1e18e6689071388c56e2028a6f5,2
366,55447c2bcf46a1568b0ee49bd04720b79dd4432f5f65d6e61af72faeeb683e40,1
367,556333ec5fa51a38225ae62f6a54b5589b69dc004ebfd44232820986a984ee8b,1
368,558a79a0e87d26ffd6569d972422a7ebda060bf5a1bbeeedba60df5ac1c83497,1
369,55a2413a154ebb9c9d7da3a2d04a3a35c6e9e24af93dd577ebda7448a67abbad,1
370,55b77c655e8312d46f7cbfc48af59eed1640569860e66abecd4ca0666d5d2cc2,1
371,55e38e4276ccf097b700b5954c0ce2d957835ba24943eb65588481d198beabdc,4
372,562c90555db5954646a52dbe432eae91fea88ce9023504d9431f9094c510a615,1
373,565a4bcaa5b7262f71123f7d0cfe593577f1d8a0855c972f38e35af1d0c5ffd3,1
374,566012c5095a5b01ed61fe2d293cb2ca1ba5ef425b49361f48710559a32693f0,1
375,5697531bd4bbf7fd004cbd609ed7b97a49bfe0be93872bcc363322f628e86c21,43
376,569b42105ece89dd391c68bbcabae7d06f00bf6f4e07b1d2fb08fb10115d3d2c,1
377,56a51e205fee849c8857300e426354a4402b75715f76b8c67b641671500d9477,1
378,56ac22642718b8ab788ecbda248241d295297253aad075d3c71c25b896dffbf3,1
379,56cc405eb71a729c0d10277ef4c04b623a467bf125fe23cf685a3bf183008a71,1
380,56d5129ab236ab40988c7cc458d079ad7ef1d3cec6f6547094433edf73d9fe36,1
381,570db45eb1ca3420623397b79faa132eccd49d790ede431d95a1105d6b7a501f,1
382,5765dac074bd446d1635f06198868434ca02fd4325786cf123543754d832de74,1
383,57d708807cbcd47260b757960329621359b6a915b918223294a42f18aecd9cbe,1
384,5819c61d09172afa9691e7af93f0c0f167ed6778b274e74cdf8cc653ea68323e,1
385,58e89a194ab5c7602fc4dabf2653c0bd7a5870554c642d38cc223ec2e6c198d0,1
386,5923d47f57b8be4052984fd7d340b3ec0e97f4312df7d79070b503ac6d7bde17,4
387,592afc9e582845760e6ad1aa5e4aab60f18b62428f729df5dcce676dead5be95,1
388,5974b73fd1f917edbc954fbd64934006b4441bb123c444dfd9bce8fa40aacaa9,1
389,59806f0013891f5dde744d034aef8375d34222c0954a330ed128ff8d6c2faff0,1
390,598660857dfb51eb08eaf39c3558ec8651ba7b95c691504f4ed66c6e39ad30ee,1
391,59b326fb5199a9942a35c2e52666d76c10a4df6f7bcbfb930f8b95cfa2ad7159,2
392,5a22ef37c095f244ac010cc5a1745a6a13b8b1676c8a61c019e0ef9d289e59c5,4
393,5a54ac537c15da5d3847a933fd971047f029d1dbbbe06e34ad9d24fe5b830274,1
394,5a59ee6d54fecef87a5e334f6b2f734eb93e9d4c6883a5e5a8a17b44c39a2651,1
395,5a5dd583a59e0901a10cac855da950b7627863114e1889990f0f747bb95a1e1d,1
396,5a625de6e1ad1651e962ba5567e7337aa058332baf85940931f4ed34ef8259ad,1
397,5aa5d9e1a00c394551bd217d069be2cf3c7456d14c114dd6682c61b4520a2d19,2
398,5adc3f12206355aa3297cd94049d1230ec075f3b8ca15a399b1e2010cbe12c92,1
399,5aef1a00253fd89c3a187004daf81f912dfcae603975858d071208bee7066afc,1
400,5af002478f9d13924842d111200abf686e87b3bf0a126ee65d73d2864e2b2e08,1
401,5b154df161c4838589c4047038aac793add4fdbe5111f3995eec9d0070f975eb,1
402,5b2b198ea3c159ccb5cc4f7a03d10d22b791f1a4da0964cd5723223f418d5f32,1
403,5b3f1aa25858c8e918498e85420391a877ec921657a71f5cb3ef3ccad9625a44,1
404,5b48b8535aa9bf238aef0fc582ab4883533dabd384e70f755619675500bc4a53,2
405,5b53de2b62123cabc0afec76d00a7689626556068bfd05dcdd75d19897975dc4,43
406,5b5eafc7cc65b2bb4f1647484f69d76dc585ab085622d0e26b1943a1e4e9a4d0,4
407,5b65463535fa8bc95d0472c634b17ac7e7a41da1ae0f024253bd25e7b0725e30,1
408,5b6e03301cf4299f1ab25b8663e836efe071750e283854c6c4b0a48a3e580c9c,1
409,5b7f6554cbcec7e9211c1ac60de839b37aa1d43fa2fea6f72047fdacd0e39eff,4
410,5b948181f2b918ab84c48d297a8b958120d2220066a411bb9cbc64e9a453747b,43
411,5c201ea5f0f07dfdfed7ca5a6b912273271adaa7b955bb88bfa08ae90c610e24,1
412,5c57a8b0a40491fdf87a245b841784823b9acf8899e85c255dd071f9ded66cfe,4
413,5c5e16a6480b2e77f86fac2fa76da1451fdda1cb5ca330265c49e495b7ef3661,1
414,5c949373b02717515e7e40364e2b1c3c780c7db96111d6bd289637c7e462eb27,1
415,5cc5c464795ebe4d3d6bab8ad526330b4c5954ad2f3110d441cfd0e76db4e99c,1
416,5ceee4c44586c5a8e99646132e8b2c1879e31725fa2c723fe1a790339c7e9aef,1
417,5d43b46bdaf2ada72439025e62b96eb51b16f9236aa8431e2675efb862181fa3,2
418,5d9f9703addb3ca96358f6e54fc8e93cbbd462e886cef2d450e4edd2e53367fb,2
419,5db7fa704b475a15b922540b493b6bb1f0f2e65c05c887edb47a8c44343adfb2,4
420,5e0be80cb6b1ffb83552f87e270fab4ed6681305bda05a9f15375d8ba5ec1589,4
421,5e35354c3ec8aeb4863633f2ae8a1a8617f3616960f7342dd1ca83b0c3552295,1
422,5e6aaefe949093c0b36d0f6665e207380548eba40c21e9c73ae94e776602f079,1
423,5e7f4f9a804b532ec86b9d3060b3dfad1243bcfef0ff2a87dbb65faa5e7eafb7,1
424,5e8370855759d70ee1b0bebff9bec395107e35ead28cfac90e04fa6fe004ff3b,1
425,5f2887164b170f413d249c0b5fcbe17a6de24fb2d94ee994f1b092a44f7c9b4b,1
426,5f56509e996292548cc0d163e20612bf591219d57de8db1e954845a1045902da,1
427,5f7860fd479a75cdec153b1c2ef953439a304f622eba360111f2536ed1be911d,1
428,603dbf5b4ec9a4109ba4687a2a9605a42acb54bf8961eb6079ed1ad9444e51ea,4
429,605acb4b955762c8c87df55d66c25f06974991b3ca409edbaeb3dbffdf44b21c,1
430,605f68f487180b0659e1d0c0033bec725e9236bbb07b13e35a69c49c0b594073,1
431,60c33a86939e258d9c6da65281711dc91d6a37c4dda6abbb366f2a38b54e668c,1
432,60dd11d06e117b0a72178db64cac0360ebfbb7a8006d805e981b0cc32433ea4a,1
433,60dfbd0b3c5be0c14a6e798fdac4da1ade7f92b414e74c1b01b1e1251b994395,2
434,60e88774fcbb8d38745cb2b447353d331588e0b1fd58ef8ad711be4230270ac3,2
435,6133041b3ad329b373976704bea7607923348ff75442bf1aae0ecb1e70a6dc8d,4
436,61338f184351d0293d8c99b94041842d1dce736934f993ee20d2c0e81678c1ab,4
437,61ce56227fdd48c9a48398b25da62ead2254099910c1fdad59e6b13fbb0695e7,2
438,61e04b121a1ec13b557a517bf3bb769122ab98d80432c849ef5414340adb553c,2
439,61f2da6a122dcdb489fdff541e4e90c06848316c4efc53ad4bbb515a9304e908,1
440,621545c88d84611dc97dcd3cc7b5368c1b1b2f813d1a8295e1ab7674f0522204,1
441,6215944f4d6c8604f8b34a557a98a804292c274a26e8d22dbb5b3a89359c45b5,1
442,6275a424a24ec43d62dc93269399baf3c6ed985a85f90fefd457c0d93ea2ae06,4
443,6294dd875705066a021f9845b58be1c629eb89143be6613ab7f56b1957a64845,1
444,629ce9fd9378ccce8e921c8f661eac17acff00f941ce76b3de11195a05b5d760,1
445,62df359b89820ebef007185b8abb37754389b6c6c6b454a44484264475532d92,4
446,62e58b4a63a593e562450494b5e6f1f4480ba58de10909a797a14673a2bbc693,1
447,62fb418140a7ee4153da89e8b0f7c453e27db7e034d15502422c21f476cf4fbd,1
448,6361153b646efd2fbc22ed99dc93144beff6aba93bf43124953eb88130aa4534,1
449,6361f362336b96ea67274125b0eeff9c743e6ab98abdbc2424538dd0df34ef54,1
450,637137fcde5354da62532cb75adfd48d7ab3bc2b1eb42d77acbade70af948aa2,1
451,63769e661b941c5077b283688cc9caaf2b6831eef4989453e4c248abfad8aa07,1
452,6377a5eb4997912e4ac0a5b455f5afd965db86d54aac4a3d9f26e8d4d42c4f0e,4
453,63cfa6ff814dba50c5d18db1129670dc65d63223f952f8cfb1155f2e3c859d7d,4
454,643650a06a410d851c97fd77db5a7212e3a0bed296863616e192df8037ac6254,2
455,649e9ac9f2711f069f051a053dca5c619966bf59376d29b4c9fb7e81560e4ac6,2
456,64ff8ca44146677aa522bfb7f79f466f28b040a853bff56de2067acb68210196,1
457,6502b7f14076af53895ff54e096acc6a10da55ecd9e31419fee5efdae332f750,4
458,6502ba787e546df684c7d66f6a1bf6d8a6873f5f7763cd3f70007cf98208fe3b,1
459,6541e864a718947fec242d04760029ddc1aa83fdde5782ef87c97b9bd41539b7,1
460,66bc07bb8b5bbe3368fc787dc79559e75b17df230eb03b068941965fdb904e63,1
461,66e349167d95eb53b7910b2e646248c34c3d122d29f2a316933531cea1914af1,1
462,66ea59bfbf43cd3630e3a7cd92f73c6065fc2e4f608bc81dd83930d622550fbd,1
463,673718675df69828cc225f378b5fbb20ca2ed9529b87c1281f26607a7c26e1d2,2
464,67b627a1610969b4e0151d4f0e5880147de76df89317a8bb6fe81aa984f4e08e,43
465,67df4e7996c050b46e2f2f76b431718c42648ca1d2666190cc6341a791eb7bea,1
466,67f5cc6b3171c0fdf8ae22729b1086e54be899ff2946b23d18aba94be4c907bc,1
467,680919f30e836535a8cec7532a25cd28d8b7ac34bf1d6b7a17db9ec3865197c8,43
468,6814a32161489c963e53338e3f495e13770e6a5c6e9950eb41f7154fbfc60ca7,2
469,684267572cd96cc9f90db109fdcb027c648b70cb7270fdd3bdf924d8e733879c,1
470,68a62a48705a83e98a067bd19f5d84487f50452dedbaac052b5c579f1120610c,4
471,68bfa9ff4478b6fa8ad3f9b2be4245537ade7de12398eed7aa42ae560280b1fe,4
472,6907e38c69f27485e91172f00c0ae9489465d3c7f7719e0e3a0d8db1f6451298,1
473,69a42ef6bbf9a4c332b2be4f7a14049b0f43bcf398de38565b10106bb8fffa16,1
474,69c9f03540865681bc57ab411fa249124aa61e9616b1e9ff9f62c012727ebcec,43
475,69d75113fbc3b4d272b5ea64a657a8596bd78cf35eae46a2561c515414a4d8bc,4
476,69d831fd588c6d449bbb78c9b6fbe72b13f87429ffbedc7566b50424a1ab861c,2
477,69f3f7c0a1e7d767dc708160037c31c0773d523a693e0a7409766defc1c27232,1
478,6a0e245804a4adc964562afd0492916e3f81786c03dc792da35626d29b0107d1,1
479,6a4737a62cde990a0efc0bcf46cd9144f431a1a8ef39aa0ce9639dc72b9d8f30,1
480,6b655546a99ea7d6054e6869c4a5aa8da9add9392c00cc89cd51882273e4eb95,2
481,6b6b64ff8530f9974fa89318482e0df4081ef97ea35007d2a266b8aa554e28d4,1
482,6ba0bbfa5f854eada9e5ccef7e588aaf4abb4deaf0f17dc0fd15de9a78103f1b,1
483,6bc5dffad4ff4cffe625e7877387063af14f5202aaf0c1bf5d651aefa2533f28,1
484,6c5fb23bf3fb67f1a030bd67cbd21be8ba56a998ca07993eaa4bd892a8c8d81d,1
485,6c7cbbc7a19d4d83a9904957a9d541ebafff111a8cf55e41ded65fb12637c2fc,1
486,6cf5896600cbb072644fcdfa4e8bad2159c558e67c4b2226e87e26f6b898c99a,1
487,6d09f0afb4d90c2bf6f40341ca76a6f6487c549398077eb4dc16f06c8e45e508,43
488,6d5c284f478e2c1fc353ed43d52142030cfcfb141a5119b1598e12fb5dfa56d7,1
489,6d682003a0802e120024dc80d9fc8e2e9f64aeaee21ee28fe9384b957f95cec7,1
490,6de8c512827f159ba4992745b6c051681d23d09fb45fda1244a66a0722b8bd86,4
491,6e0fa02a857e9126c75e076556daef984d473f4be6e015ee49a1545093e1a0c0,1
492,6e90b20c12f81bbc5890bb524dda7711bab09e8f43507c015089cea00111ff28,1
493,6eadd05527b722aa5238d2cecc4e6d8dd22afb4e16ecd419966fd4a69ccb0608,43
494,6f6b01e3fc437db5680b21ccf90b19e2d17ed2e118529e0dbd7f30a19ebbf8f3,1
495,6f7b2345c20b975e0ee3e45b7e005f5e537e92768795a2d3ee23be428ada5c65,4
496,6f84fe97fca404dd49aa5f536bb1e1edba19e49a941a8de5f804a810463cf70a,1
497,702bb157d6632062e5123def54e4294490487e636ed16e31cca1019fc6c3af1f,1
498,7044875de159452c7670795e61261a408bbd8208da8a8d8e682449e763682fb2,1
499,70e63bb4164a8135c7555ac46d7d4314099208f9b0ed3006f644425ce0b389bf,4
500,71075c6e2f8683526323fd7a46aa2e3af8346aefca89a1255bb217a8d004c305,1
501,717795fa2f74a06676650aacd299b1d03a7b282c970959d35aa76c5744787812,2
502,71a51dde8ad6af5c0e7f4242dc4df1781825ecbaeea76d6ba39f6ab8e5876df9,1
503,71aa0cb22d934c0a640301103ee53dec9e1e87b2d28d377e911853442abfec23,1
504,71bb077e8f5ed473c3f0bf80c57a00fc107693af1bbffb18cd4e2a36cd7120a2,1
505,71cdd2451208520d6fc0c93383be0bd341bc11d3307470e0cca5855b15bbb0fd,1
506,71f571c1f4fd261d4324ba4e130d4f241ad3cf12fbd74899401c25d79c7f70f0,2
507,72025d3983ca81ea55ef97adb4d2e55d905ed94a0d2d043c3e7d0e2c3a639ea1,2
508,72114b80a1b684f82884bfdc83767e029b52100356807418d0e7241daa63d4c7,1
509,728968ab32c129fcb88cc4a4c1032bf09014ad69baff9a2df549cbf514e7ee27,1
510,72ba8f44cc1bb472dc81882cf1c7d95e379c165c10f12ca69702d7983f078bdc,2
511,72dde2da02a4cd6b796fe7f1ba33269a9d2b60a1a7864acedb75ecfc969b7fa2,1
512,72e3ef7c52cb5ef48939daa4ceb4eaaca6d32eec247da9d4a259c08f4bea9f50,1
513,72eed11a21bf21b18adb9841572f74971816fc211739591adc5112ffa67d1c4b,1
514,737463bf9d456b182797e7e14312fb8e2c5fb8ff01f957d8a5eeea700f867a37,2
515,7377517a6b9155fce9bd8451a83d7a6de72dcc08ae81b51118e315e2da15462a,1
516,73a3009a99ef9a003d4085aed1be1dab26277f27d9fc33e8599f6e03a6decea3,4
517,73fe8b47a66a6e339fb117610a24505a2b94785cdf5c26730bb994ff56816986,1
518,73fef3a78289eb5acdc321abb67839528aa265325ef3f0069ecf6a946f35aa3b,1
519,74140f03cbe98c886963ef8e09f9c6acd74afee64b0c3e7d8529df48608798df,1
520,747ebca24f4eb54e15efaf1017d8ed379389723bddbc49fb6a7099dffa1025bb,2
521,7482283ef4f40ab79f45414907cb765cbd6ea3edc12271f2c91c2eba320a2228,1
522,74ac8a2e3acf646dd26e04e2862b59aa1cfa77a301764a06bf98000008544104,2
523,75057ae1068ebde86c102056a19f6164d68ea96b1c695103ee93cfb66a40fb11,4
524,754bfab057fe6f0e25f45da23d129613970436868c761c7c3a27e385c4bcdf21,2
525,756b6cc20cfa645d026e7d732d8ba7202bb0f35e9d61732ef641a37c41d108ae,1
526,75763009cd087807ef78510aee57029b9d8b9495261a5e08c7060b94889b78ee,1
527,75a1c10bd5ef341cc5810bc031662b60969c9e742f3fc30e6317c40d24988f41,1
528,761c7f1f16ef1608464e3d1cea43c9577e2a2be28be9ee40c604cb866c886c42,1
529,7645308c4c5d7da68dcd6985fdfc6285b478872ac407c3ae75025b585aa053fa,43
530,764de27041e92a7e30d74ad97601cdac27f413135bee5e3eb3c6387be327213a,43
531,766c546700cfc8c23f54c880e7fc5d8bd5288141ed480ebfdc61922dce8955f0,1
532,76994333337b6a44448958273033d22990fdde2051ddbdaa3f6b1a771efbace9,1
533,76ef73245614905e0461d268ec3f4dc3c55bbc12a4916c462388903aff6242fe,1
534,77325fbfbf5314bfced25224fc19f696a4baae22e4ed51d812096e916f2eecc3,1
535,77edad7437b7507cc0d17a326b210420ffd4ac3424586b2d19cd7b4611b19794,1
536,78168d2921f8075ca1df7e11d7fc750d4e17416ec30dead7a3baf20dbb869f17,1
537,78d9e6444e784788ef8771f847210e7c8673c2c6f1ec37fec6a516f06e8f9f6c,1
538,78eeb57d597aa0cc63fe1e99d07540a3a5fc53a2cb0b4b5626a2e74d058a65b7,1
539,793de180d506f6cf4f63933deae077478547c31145ade55de72f98cb6d8cc282,1
540,796c00e4ecd92ec79d357c83167b04c9f077f1379cdd46faa0cc163f9346ba5e,1
541,79b5caab97f3e82c5c71930e29c9829db3a59d6ba95bd8e8047c7455c6e2dbc1,1
542,79dc170dcfa8b41e06eb692c50701cf005ad556811cd5a6a8454cae731c1830c,1
543,7a248d5e7e8522bbb521752d06167789055494098bb94ad711c3aa613cef6c9a,43
544,7a78925fa638c92f3fb52d70983df325bda6954d5babbda3b5f44da91e4ab247,1
545,7a84ae249fa744b8c1acb6c5247c2cf443e31870aa7217f4a9cd9b157dbd54ef,2
546,7aefc759412491004dfb50a63ef5e776852eabe370641d6045c2a082bba55c2b,1
547,7af7de530faee48650b2bb63e214996f5c617b52875a6e5926d0a8692cbd8b36,1
548,7b2d347a4f666d513009dffb430b108249a82750720862f7509c741328ac4340,2
549,7b698f22c8ca17aa7b5b56a69139efe6238f6c7f59a62143234c58c0895dcabd,43
550,7b877f650cb4fcb34cc421916b5138c382484e6ae5f9dcdb38817c87edd5f727,1
551,7b970aa77389b909b1ebf2179e8535acb5a1070dbc6e494db2712ebfcdfb4a40,1
552,7c34ccdeb450e326b41728ff1c2e7a9775caabfb36d16dcc61c9f85b74890ac4,1
553,7c633eddf2183db39d0dc218f1d632b9a9324139b07b229728ac4c18f1e6bfa3,1
554,7cd1f9e1f78ffc0ff6ea644c0d699c3392366c3c513a4595c7094f5dd1526408,1
555,7ce959956188009e3e4bad92a24fa77ba28a6a626ba6e396102c1926a845c0e8,1
556,7d2071c535ee035acce1c7ece7df37b9843a4b5f2b3c64f35f8314057335c7cc,4
557,7e0fc9ac7204af61702391009a40a624d1a3ab597e7b392eec6fae31535b0c4f,2
558,7e198e3694f2bcf6ef5152928ae96ef26fb61a91b1484d04978b973b2bb6108c,1
559,7e6b0f5296c7077057cd322e8f6bdb55173229d7e34226533e5848c35c8252f0,2
560,7f17edb135959d6baa985cee40f24c4afb874b50819df4b6e3ec28b85f0f4489,2
561,7f1e89e91ff34902a86eca202935a997a7015876734d81eb0ad48510edcae306,1
562,7f21dbfc786bb79229c8078ca50b98964e9cf835f3f386451391e47b656982e1,1
563,7f2de87edc714c074e923241b5c1e7f39d6445cd818013f14c78e14cf1c98057,1
564,7f559cd885816bb76645dfa5bf3b6c97678d253dc2ece3d73c241c5c7b5f3608,1
565,7f5d3582377f050dca8cd95903ee0bc366929c8b5c6688d013da0c1c75bfa360,2
566,7f7d124956c7f2db8174e6a8f87303a82c23428851256a4289a34f6795825f52,1
567,7f959c82106c27c10aad4b41e043a58cbbedaf08705a2011c4af1c78848b12dd,2
568,7fbe9da3f554d892d8d487d0c0b0e38362bdf9d8b2a4a6619c0be8b2540cf776,1
569,7fc655ce8dd50e02eb15868ddec93995c4a5e0b2fb5372f223c829a2e50fe3f9,1
570,7fc979553ca645acf68222bfeb7284b3033d95e7235fc7754ed18869d3eb86c0,1
571,7fd70ae54d148fd16de7ac48d317483cb15de75ade8b80a1ee7cc082166079f3,1
572,7fdc069783fc1dc053245a954c6077a45fa2f5aba0f6342d9d10676e9c35016c,1
573,807679c23430e4826b66369214223ac1d973c0da0433f75ca2f7dd5ddc772810,1
574,809e63d5c8aa03af112d17361058d0d8955f6d8e1e7591487d593dad276f9757,1
575,80c817bdacd1c04f2b44329d56b5fb34ed97403ffbcec7fbb5175ee119051345,1
576,80d728b2898a26f6320bb212f5e7ca7c49386ad5d90df21b3af95db84fd84f62,43
577,8124a797180a5181015acffd8f2e7344bdbd8f33539b1d1c3e566646c853a798,1
578,8124e1f62fca0c60b8638022c4b77dfda23acf0f4fda9f933d197ed969232ec6,43
579,812bb4f320719d8dd4b3f23ef72e64dafdfc46fa250d297e8fd8f0872d9b5120,1
580,819556cb2d61a3e50120079f4cd8cea9182d3ccaf31fd463a1a423d8a43e45d5,1
581,81e2f1a18b080c1ccbba0008f151ab7fa40f3af66d16c17850a7d96533396b0b,1
582,823fb2499b4e37d99acb65e7198e75965d6496fd1c579f976205c0e6179206df,1
583,825fb2f37858721c3678cc9cc2fb8a4d7e967f7cad91746fc4ed79d49c371fa6,1
584,83a4bf059a676472bfe548a2e24793f5a0bd0baa902b7d828467f11f86118b41,1
585,83d8d0ed997360fb8d85a2264207bd7ca7cf10b38d88f54f43c0e5bb26955e55,2
586,83de70f9b2e51f4376f95a8dd0692edc456db893d2bb5e7343cea15cdeaf9536,4
587,8432dfdef6c2c7151fef94f7753507228e49d03a0dd786e720ffbd09864ccee2,2
588,84f4e1640cc28dfc9724b068b748cd99dd480197c8e83e04b5fcc4971d99fb49,1
589,85aaf50d69b4e700925440a47005d749fc7ff71a7c60891fd314b2be43be582c,1
590,85b03cf5c1d197eb69552abbfd0a1fa43f3957571585f54ee90bc00ad586d6d9,1
591,85be243f048a9242eecf7d13aa0ea8995c552b9f89e85aecb72b329cedefa9bc,1
592,85f2bd6bcf77ed493090c04282d86480a251dda279c8ec0345f9cc5bc67d4e38,1
593,85f9a9322ece64f4be9cd32c695d33fc893548fc2251afaa8e7a4a8d779decd9,1
594,86012532efa70d295399a182f45f5051b7ff1d8e168e743860a1c788ed410a25,1
595,86618dead4b0d6bb47d327de127bf227236c1f7f0766d56d8dba97dadd090822,4
596,8672fb3defd425a116bec967439d256d11b723885575a82a92d69f5bbbd523c1,2
597,86a64cabf9101a98f2b0943bcbcd8ec13d5fe0cae4cbabe711a69d11d114e1b9,1
598,86a96c81b5e9f11bd329ac0cb363eaa1fefde5cd762c5660fadadb5de8bacdc4,1
599,86c6a900ae3d0c2a06cc22d711536e4701ae00197d9f176a7fe09351ac50857e,1
600,86d082c140779e5c1e65d1e718e76a0e6eee1ca335710b597a0caa7eb976510d,4
601,87197b952f19907a74f06509f6aaadb1fa7f98ed63b3ca3d83cbd5664c36022f,2
602,872981009609e6327106ff5e1691bb3522debbabb4b995053a3b0eea6117164f,1
603,873075788f562efbd909e146f9cfd595dfd68999ef49cd2f5960fe27a790f5c0,1
604,873db992e7a38adfa3d653a920846790681535d32389823a93102da63d78be3d,43
605,875779d6df573f2f00a0b0f3896a3cf887584afafd05ab230d27fdad12e6c496,1
606,8763cdd177cebdda3981b6f9a16ecfe7a35c169b5513f7437135992a3f2b468e,1
607,876866c1b85c160ac034d6b0a968cdc290f501e61e81e5382ea69c1bc1abaa82,1
608,8781a4337476955cad7ba8f6acf32325f5b6e65962ea4299c0981703a34cb67a,4
609,88034ce6bc55231afd0506a46fe8881fc6b423ef99ccbc1b4201413965f64e9e,2
610,883ccb88cb18ee2a4ac09243b0a4b0fa88afb350cb24272b702e3adea10bf780,1
611,887f961c62055d2040289bc1c00c1d20df847cf09ebaa5e51a2d7e1617c57dc1,1
612,88d09a5decbb99776d1050dd98627563dfc9208fd391035a655d7b9703356526,1
613,88d74b4429321741ad5dce117c416702ce4cd1cb7445422e897561d7d7788e88,1
614,890560c97033db474ba0da81f6c7b5ab5a56a381c1385072dd2434d1e56b8f5a,1
615,8998c1d79f23bd50c9354d19c065b6f3cf6a61e822dd3d76a6860e820f3408e7,1
616,89d0d66a7283638afc5ebe21ecf5ce8f4407429f79f0ee04b6e12e3d61632ea9,1
617,89d7092a54d5d2c6865928294ff3462732c46b0d301d55e70b2645da6120f9b6,1
618,8a15cff614364b6cca82b9d92a29318b9e4042f3feb5c5ad3d98378e4cd61d8d,1
619,8a2a5fd60d3d9a6533a0101b9e78105799510168bb1bc8e613e39b10b0a80995,1
620,8a3e368293981228e51e509ad0b05dd8f4659cfc7528f8c61307ee9c32b099b3,1
621,8a43f394db6cb75354487fe5132af7fce3ec4db5f2bd0e788409704ae72aa008,4
622,8a47830a151b0896ecd61b48ff91e24a8ab274c75ce762709d9f047024fd19df,1
623,8a514b0bfb1bbbc7275464d284d968821eab06f1925d7c31a92ea7e2de8e2a13,2
624,8a91e35851615e111e7ad6631426a271e3a5a684a1eaa6fcf56cdf82c73f0221,2
625,8aaa234aae85eee8886ab80c847873d2164c9cdbad9694bb2d6c73c37dbb0fe4,2
626,8ace69689ffb2852ece8cd45823aee23f75a22762469d6c7d4007bb6e128c4bb,1
627,8ad5643ebbad1fe752315181e10afe9dc71b6dfa866e715bd1fa3d6384dcc795,1
628,8b0896b0ad9261d41482453565ea1601bbe58fc071a868c7d6a5cb07ee8ac788,1
629,8b4f1fc7a218b50b778ffa0d17e36963d476df2fa839bb6e33adb2aac32a7f48,1
630,8b5551ea922dd24625c45051c64adb50fdff91fecdf5327a02c7b0be3933965e,1
631,8b85b6465b4fc8c5639c912a37f0805a5497bc2dd5d5ba535e121ade10e9baa5,2
632,8bae44b76bccbb4e8796ae46d39ec8ebe6a88c6e878da06b91339fced98aca7d,2
633,8bc110dc06e556edbd0d5c412631f597d4d22abe627d2265e99f80ef8f96839f,1
634,8c059aad9e8b1f5304366e7cfdbfa778bfc4d5a748ff9559b8752dd286ee9076,1
635,8c716f640c3dee26644ce3d20fdd22d8122696d69249d55b01c88b6349b9aa70,1
636,8cf1da2189d5b58831a8215564a015cabe44fdb7fb85f6a0c539d919a02b7f50,1
637,8d4da5c5976b1803ac1197d378e83ecaff3c2543cf26da369e927e3009636d60,1
638,8d7d546e9a6f90611f570415d71c2193bf6de0a022e493fb5118c3a7e1ffb9c3,1
639,8d7daebcedc86c90dd1d3e3b90bbd2eaf71f37073bd1ee57efcdd4040316b26e,4
640,8e0d5e4f4792388064a29f91f41fca9129c9fa6cbdff489e455416d133b17880,43
641,8e551475625c7a146657f7bf5921c9820b83fe3992182cd643154407783e7567,1
642,8e6249bcdbb990013610d9e38f06f9909c5e52b8ec8020fd018a3e95b3e1c0c3,1
643,8e93e440f571a4dac32666ef784bf1f995b3ae865d4a9aa0ef981a44442ad39e,2
644,8f3aed638c29c58731981cff0ee1ef7cc3a39467cb7ece5dac1de7b46154c2f6,2
645,8f77c6d9270189456824c1c733a0f5501990ed5b9064165c6ca36b6f02c4ec51,4
646,8f82ba5c232b9c0f440041191d5b218111efd68a23e58df8e3afc59575b1b764,43
647,8f8f8ad0b6d8748ebb8b4ca4c70d963d0b46d2203ce9b24f61ed40b615a216a8,24
648,8f98e6a3123db0eeaf8607827c8d4610017b1a87cbc33999e3e8fb5c97fb0936,1
649,8fc746fdb3bf6de32171b3b0e7f20f03fe83319b05c656a1a9592e4498c5515a,1
650,904bddfe94ea720afc94f509dbc44f146812e665d4a02f5c90e4475dfd8cda3e,1
651,90aac7b236d9e3008d058a5b2f33d3bb61bd672f4c31dab281b3bf20d70dce39,43
652,910d26c1e71d01526f727c8d9d24f5318f152bb288d307c0b90cba2c10291660,1
653,913c11054b12f28d2fe3aae6c13e0c85eca93cf2322e03d67c7673b2d0325e80,1
654,91d458b5196e40110e3411767798424d931f7c3984b805deba20ac1a20ed8614,1
655,91f36b55224a4089adc76fffba4fe262ddb084d2b243ee925836fcbe058f7ff1,43
656,921befa271b1929efc58adae1cc413d0446c12314901fe555744fdc3470a89a5,1
657,9241d0bc57c483f668306451a8e2c0885698ccf0660fece83af6bc70d19c79fb,1
658,924f8b313b1bd1dc7d8ae6f6cc4712c80167a467a2aa1f6b3ae56f53c198c25f,1
659,92a84a2e05ddd8e8c07043d232bc8e8db07d065d5f616563d02309ef5408bef9,2
660,92d6998bec551477d248fc980c955f69accb2d98fe4745023b03d143a8e466f1,43
661,92f85b850164c523e439009370a48091ac5de41320c3632207a7d26552d95c2c,4
662,92fad923e3b925f4af34af6c40eb7544118a7cdd52622ec76b7daaf6838ea478,1
663,930138e5215cdac1bd5ceb3d8ffa5ee191432d5771984fa50917f689f0eefacc,1
664,931ebb3559840ef6a7e347c90648f3aa301e92c32af74e9d2d5673367276e6ef,1
665,9346a473c2caeea6aeec02860b7b5ef45155817c27ff10456cdbc702d04afc49,1
666,93485de3bfa8a3ce9dee67479d464e5d1cb428622bc51e0ac5a08fb747e25ccc,2
667,9388a10c80bcadd48ec98dbdfefec00c2ba93dfcbce107532f66e0ff8b85c3a9,2
668,93a2b2c6229835801c3b573276911bbdbee50cd36940a911ca1d6b6d46a7d226,1
669,93bd7077fc8b621f06aa6d79920a13dee0eeeb47c381b5c5af69d126137633f0,1
670,93e2a45037eb149bd13e633f2cdd848b0caaa04a4f048df7c49de10fb41a3d16,2
671,93ff6f8135ddd52fef87b6394d8e53dbbd0e7ac8ba1896842c5fad3abf6b2b7b,4
672,941b7d22f284d3cc4166bee3df8af8a691d69eeaa22970cd22cfb414a3078505,4
673,9436bf2fd5dc861474efc14a4a98d9124af69011318da7fc1c89676ae1f32f81,1
674,9443c648d6ad9a3ce2dca16dd4d100a19ed3ef33e4f3efc778a6c3f07b007561,1
675,9456fd3a2ae2edc47fedc9b0eb82cd397851566a03a2f47bc9d40c89a877579a,4
676,94734175d80c21bd52e1a8faf39c3c52f605267a91d8a0c477c645a7ab3c34a9,1
677,94970636c89fc4053203b0c046b6688fe5d91e1812b066199cfbb9a9b349ef64,1
678,94b5426396c5c853578f76f34db09a7a625d6a2637cc9be9534c6eb8d847cab4,1
679,94cda1b40264819f90b3534f8c34a14fcfb310e6f30e509d8dea7380c7efae2a,4
680,95a9bd97249a48fc6209db49f5f3695f6457a047e2cb2612638f2a0aeb26aee2,1
681,95c72ad06713eb171676f92c3fbe10121d5a958519945da2fced5cb88288ddb0,1
682,9632e45e7a713b24040fb6a214b590cb870d7341c0b52320adffd9bcec64596a,1
683,966d5adf7269c5496992d1e8eefa04edaa797bf832e7e3d4fed4be4365b96358,1
684,968a08d319e89d89255af44a87752e53d79dac3e147649e7b95cb660aea09432,1
685,9690463a9b39796b7f38d97cb7a5f62eaea6496b3f7ec2cd65ab8987765e7985,1
686,96d332166744e71e475c8ce0cb3d269287b629ede621cb877be1db829e65ba0e,1
687,972a993defddc656f50d02132d4cc77e176d2502f11115c74edc4287c8948674,1
688,973535b6d5c74d83bbf027c28099af263452eb28bdd010608bcedbf997874317,1
689,97541fa225fe02ddb1b3973c987fccc62fc64f90b93b71ba40211544e8f373dd,1
690,976115fd624e149895f3c8b7587ac2d66ffbab83b731195422e79ac1d5d29b2a,1
691,97782f82720e70e7aba666de40c371fbf74ab5bc287e6e00ad36b5e78c9dd43e,1
692,977b467c4789c2ca7e69445d9ddf5f66746ee5ab49a5c5e24e0046c6e749c6ce,1
693,97bbf3e79e7112c8ffa47095e546f68b9cbb5a3e156fe3b0350355c0b98f1ac5,1
694,98c84855ab3031d2ec0e5294ba81be5ebbdcf549604df06f6cca4037df045d58,2
695,98df2f6ae455a1ed9108c42f79a22d7d11ee32900f843a6333375329d39d8421,1
696,98ef9260a6cacff9e8a618fc214727c1b4314353ad14991aeb92c0fda8fef2aa,1
697,992c45bdce13d52473c6eeaefd6b911f9b53c50e16eba6adb2fcb10dff42fe4b,43
698,993c3c84b6a30da0e95cbded9f0e23bb8e28f170f119f8b894134f5ec4a6dbe4,1
699,995e6d18fd6dd12d54ea1291649769dde86b36ee70193e3142fdc07aaa765d00,1
700,99683b1fcd737274b23dc007c8ed3fe1a2fa6c26322888ce06e4aa98464654b4,1
701,99a7d652cfc9cdfca8aeef839ce5031617917f6ab081d42091fad7cfbe03b01e,2
702,9a1b1711c6cb852c036360b64d9335464b2e40bb5a491433f565a4eacb981c6a,1
703,9a21533547379517b8d7e600e2e06bd4bf8ec1461d4d3c1657ffba0456254ba7,1
704,9a98111d095e5b95935be78ab56f6e85198e8ce2402ca18b8acd3eefa895592c,1
705,9baf47a2d6bbcb802b477381a7b85af8cf2fdae227d523fe4303e03f90bcfefa,1
706,9bb8a535ad2a4438990f1d26136e3077f409cf4cc489ec02b3a6db2c1f47b1dd,1
707,9c4526c422d012721f5a35efc3ecc752c40773c158c8be5a7c1789a7e9827097,1
708,9c69fc24df07e0418ee5f4f03cc2dc85a46c8e7ad88d506a8c7322016727d5b4,1
709,9c7b58f2152f564e3dc983a69ccc1f53049a398484ccb6226dd2e81a3910c392,1
710,9c809b945bd34c4f1b88e55c9d36fcab6e7eff4b3a48cbae87740720392d5d95,4
711,9c9d7d153e65f16ec0f74e8f08dc31dfeb8bf640e3d74ba5bf3766da0a73499e,4
712,9caaa7fab722c9129e337702ed71f505a0a866c110d9eec54c2229538957d743,1
713,9cb4f53cc2f9d3f66c68a3c78c9d17a3c9c17283d5373f49485be9fc0c87b6c5,34
714,9cdf71ea3ce9e2d8655e2feba5dd35a13e833de34037a510b7e1c8b965d052b0,1
715,9d60896f601c5515b60f01d8500482c211c59851727f5b459f2ea414f51df0bf,1
716,9d91098ef235268f247a15ea46abb54ce2f724f39f033760d6a818ac1860bfb0,1
717,9e2cf76a7cd3bbe71284dab037b49b5d61c46d2136dbd52be3c4d38e317389ff,1
718,9e63435744c07833c8557cfe2dcc2fa8b8a6aad2036e97e4c9961235d7ebfd80,1
719,9f0b37c566e5773f4091ef0e75a5bd9369ada622c27fc0d528ade09d5ab9ccbf,2
720,9f7c4c2306f09953af1c4b85fc3ab42b1c3d0dbdebb18010eb1b53e35518a7ec,43
721,9f7f7e4588225ee9ee6d77540f7249f01ca90278332d811ab92ece1777adcc20,43
722,9fdf4955eb3e5fe54b939f3012333e0f7be4ca3859ec3f12c5dc3f0e7d49ed28,1
723,9fee5fbbacce56ba60b43fa90e8b83692d0c30e2c777661a01c471b3e0172334,1
724,9ff898ca92130a96c08559c2dc30079f37dc7835f960af13ada465c5896902b6,1
725,a002e2e49030179a5a55e56edbdb89819805654de3ff197063c3b9c2ae3db70d,2
726,a034fc0fb37bc625df998729462ce993d32542d00c3742abc6bdc0e548bbcb37,4
727,a067eeaca45a7c4dc7648221c7c86f0f5b5285749a4bc4c39df2e1b2568b6ab9,1
728,a0a6a85abd196afd302683f1a9785304299f3beaff0e887f801dfcb0940cc161,1
729,a13d4a0ff7a1b6f27f089ddc4099fe119e2f7a27b8b7c4386759c4a168861010,2
730,a1436abbd31e61f0eeaa7b83f2a0bc179711bb7e01302ba32feba07dbd2f1c88,4
731,a149de197961fb4d25eb3c8dc8ded1a41d9b9a65ed4da5330f2b9af15236342b,1
732,a1675f393e12085616230959a9bc18fd14e108ebc7cdbbf560031e84a73bf624,1
733,a193f5fb81a309f420f0ff57fbbad2165d736d7db2a978b9f9640112992a626e,1
734,a1971f14804c480a656ea3686618f55ecfe3a54520f7ed973b0fd929afb87421,1
735,a1da1d0643e2169b06302a8f25a7b1e493b7457557cc5f609b82bf7d6bcc99c6,43
736,a1f4cd310ec0a002848d3730e5b5cb5ba9325aef41c32fb18beba53773844ba3,1
737,a28a283254bdc80dee1d54876d3f0c2a06aa1d6d64aecd1cfa82d467f91d8ff9,1
738,a28b2e98770ae42f1db0316dee3072cdbe07f231253eb828c059e49ca4f8e813,2
739,a32618a8be30c4b28ff8376cd0d0e907fefb0449f19f14190ce6fc391a0be477,2
740,a333d3ad7cd96a948042c595846a21f44a5364c3c7069c12a7f9812f1043a404,1
741,a337a010d0d5fe0981864c72951b2583376eaf72f9c66badf38c5b0c5a364169,2
742,a350e6cf731a2166e8f1ddc8c1c2ab6965ad37b9757b2faa35ef76ee0d954d4b,1
743,a3548d64df7d2c4eeeb1c0480aa87b0b306b3e0b0f8faa8c8aef71140761a759,1
744,a391883afaafc16565d31d84e2c9eddb614cc0f2238c3fa2a2889d825a06e63c,2
745,a3f293c8806cd05fd4f97229a7b94ec1e00fe2dba47ecc1d509a46d3f7b1892d,1
746,a4226d9bcf5b5c2bf4a8efc24aca9ab6a062e22c56a59a38e4d9ca63433a2a7a,1
747,a4cfd148d9b01888244c426b8123ca6d64a853890254f79b337fe2dca3d94efa,1
748,a4e056018a8d999fa802806b12afdcb33237fa80b4f6ba9e51f0b090c84b57de,1
749,a56563848c9aeba4faa7a18d61b6fe1ab833287622989d22faff3a14188f8f86,34
750,a5cec3db6d5bf9ee5787a6082f8187b334bf98322f5ea1d303dc15cff54e2a42,4
751,a5d175a49140ea5fa341f7324040d772c58c52823cd9b38a3bec0f2edf64f8a4,1
752,a5d41e69e394235eebc15365a0499212869334b61005f30568fbf5a260db5f41,1
753,a6414f111dc160bebeb58ba595d613b6a4bf86f656c5dbe512b80944e6473d99,1
754,a64596adcfaf8afe6e6a7a8e941de83a3d357c4928432a7a338179f2147a47c4,1
755,a69b4ad4bebd2722a8eab62f792d69361d1f3406216e189ea12f71a5e3cf8b71,1
756,a6b679affb7c2ae4fed8e1da0d614625cc6627b35a9e78b5dca6b9a3a7cc99d8,1
757,a6e287f154574b11d353f6f7c618b9304fa2e160d4d231b310d465818ac73336,1
758,a6e6684c7a8bc8f4d7b74a4a17ebed8eeab7474bf40db80cd3487bf88126e759,4
759,a6fb9d13b63442b38de9e68b8c28afc16830fb4af8e27a25ca73901b36f411ed,4
760,a706acd6c2dc6090b6a76cfc62622fa4538c9334bc39f587392d526433327491,1
761,a72ee2ce95a69a578e4cad1a7ccc7b289b3fbc90d5c1f51f3c8302191ddf2f03,1
762,a7702e1adb575c853ae3cf49eacfe7829105f5ba7310803d890bf2b5a42d4cb9,1
763,a77226bf905157f65d119e71d43ca9cc32ec8ec46e29a11e665edfd8adbef541,1
764,a77992af876d4ab11f1b9281681a11e254ef5055aa2d11e4dfa5c3cc8db8a30e,1
765,a7acc863548366cceac7b8d709d43813fc69ca68f1ef1ddb0503afcf5117395b,1
766,a7b8ef43adcfcd2c30a32d9f3b607e62eb597fa20780a6b4e8cb41ac6d39c174,43
767,a7cc041403a1237c15a98050bce71f0475377e4ee05628a97903c85740d20c89,1
768,a7d2a606c6ce4168f1f88c3b11afb70472841708b221f666323e68a95c91c173,2
769,a7dc1d5f29170eb523b0e98342e71796214bf32686359186c98da167db10c299,2
770,a83765ada5ce2b941e05505c791d43904e25596b86ccb6446cbc13d069652ee8,2
771,a8505e6d5c11eead131334e15b3c7560a112490c7fc00c3f69c22004de85958d,2
772,a8be293cc57c12b334b25dab94d55415b5250c81ac2a786b16f4dcd7dbd86198,1
773,a972ff0ee81c2464f49381036bf58348b57db7e5700a04d943a3cef3394345ad,1
774,a9a2f0f251ce5b43e12cbc8f91e369b302b286c8721035b0014edb73c9e50c7d,43
775,aa28911ec65002c9fff055fa9a9157b73668153a910e89bd6246e8e22606bc69,1
776,aa35fceff4cdf21755268439a11bc37e5c9a3bc6f26125960417fb2b1708a19c,1
777,aa5a9f986ac7807086aabaa975644220f15b096acff66096da58781697754a65,2
778,aa5aeaf9a1592d95f70257d96dcfd99c46d53f71395e200401a4a4e2fd4f97c0,2
779,aa8bd27574a721a2298683d6b00fcfe592f5e78f22fac0c626608b95710c9c47,1
780,aabfc70ed3feb8055a5b83ff38622072c14e9ab2f6566d3b110c08c02ae320c6,43
781,aadd4bfc99dd57895590ec80a4f8667b760621aee2c2801795bcd5ba3c65e6cd,1
782,ab31defd82ce542547a539b13731f917285236a08411774373eae450137cb84d,1
783,ab9d276fbf801165f0c3becb3828b106d61bf5dbac412a66a51f12103f13431e,1
784,abc87dcc79189f883f446ee4e8ae4efb3d1cf75b148d1668653729e999fb9279,4
785,abf4924e9383e3df4afa54b43241cf555c95ab8718166e11cdc33ce088fe8b27,2
786,abf564c67c1abfdc8eb1853a4f892092a1ff76bea60b13ac8a5cf2e30a01a9c4,1
787,ac10e63311e6a65bc56d37dfd520e39bd532b6a2817392e23ae770f47701d76e,43
788,ac21791a5807ae2b274d27e1668231a8e1d042a3b4f2f70f5cb8cac26d78eaf5,1
789,ac2add4306c3adf792bf072f4bd311ead39b4cdc5b2381e6bb5c761558215b8e,1
790,ac4b041948dc78084f3d6474d62fc8448a35dc504bc628410c23920cdd47c47f,1
791,ac95ee12770a935a8456dc2c56d5ed2e3c6c7b8919d072c7f320e5398ee25a0f,4
792,acb70f3213c75c40653f5208b3a6bf3b91ef6ee43d041c3b7bf6b612fc5a99ab,18
793,acc7f3e258d8c93b8b1e2ea13c01872864fffe25b407800c4ee501e0b015b0aa,1
794,accb55ba9b979ec9d4fa1d71bf2f80fd80981a07c41dbb05f742e497dc2c179e,1
795,ad126037a9a01beb27f599d7b7ede646a6d0acd4cf9c1a66cf9895cb4f03d800,4
796,ad6fc94e2a663a8989f7238cc0e2427eb8b8ff0a464fff43d68ee9e1ac82aac4,1
797,ad8b31faf914c7c1cc4e86e76474ff77bd4afef80ecfe959c575ce8ef86570d0,4
798,ad979145f08b71f53dd69ecea3f35cc622273977c8e525ffa586b87cc84cb3f7,4
799,adbf6b7b7fe97da27d208fbd7792c41d4a6ec6897ff686edf72241ee607b1499,1
800,add78008bf890a56b09dccf59a6612b00121044b22aefad7d1b3be9e671b9bd1,43
801,ae23091a656dafcfd831409397571a2559a60c819f43304e6c13cc079a698e0e,1
802,ae40824486b8e7bc8f9c6a4ed08def1ea1203dc45aede4db7c28e9a23479d34a,1
803,ae7491dcfc9ff60b3dc3f1755ed165f4853fd009d2ddb36836a433d2ce4d009e,2
804,aea7c84e71ff79d7e04d992894ce2ac89edeebdd5a7808ca18920bd2a3f84810,1
805,aee336a1d75a724ac2f0836320fff4d3f2b6f78e88bc79c4f7fec620d81062d6,1
806,aee73965b29b99f53a3db9504ea2b208c0c018c217fdf15e553e955855953900,4
807,af03a51e581f58ba77807426b6fffed5f72e11d9618c38ac397c0746027f70f8,4
808,af098286a10a82d198644f966f724c31ab26540b398f42c12a31ff637cf2687f,2
809,af384f94153dd9bbd971e7fae8235077c9d6db052be85e399341493ba53d8824,1
810,aff5fba8f77f1b7c1d0af0606fa1e238e3a50d59f43e367b086e3b6a98bfc81b,1
811,b013c9505de81a84f5fcd745f645fbc3e59c04e7a5d4478e1e75f60156a9e1de,2
812,b02384c52a1c6a9f5bfaeadcd28c4cfac9e5417867eb89364f416c2f0df3ec40,2
813,b05361fdaaace7853c0e362cd5243123026113afa962a706dcdca9bcaaa4b491,1
814,b09f4ac8ceaf88bd076ec24430e8f8b367a260d6ea2d1c6e6cb0fb2da6951fca,1
815,b13266d0df4f5b8905f6a2f96e042dba42683b165bc57f2054e3b6279f2e05b8,1
816,b17ef6d19c7a5b1ee83b907c595526dcb1eb06db8227d650d5dda0a9f4ce8cd9,1
817,b18516549474fab3915b8287f857f6b55695ce99dbd25e4b55c9e57e548c8a27,1
818,b19ff73edd12a0da3dc56c91460b60695987cf7654eb2f0655943177b3234ebb,1
819,b1e204a21040b552729d5ac8cc7916c8da71a52d3c56092dee767ea8437402e7,1
820,b1eba7c9f0bf7b0e1b86e42a11a189ecd4d121a5efa46719310d31e850f44cbb,1
821,b1ec5dcdc7923c0a8e4b23d7365fd908131b10808ca45b29916e67ef615ed7ce,43
822,b1f7c255984b30bd6335b25cb75bd385e20c67b739a108c88a6e30d0da1b7ed2,43
823,b20888d8b5273b4086e526fc119be71067801e62163a71d5c4e5321012ecdfeb,1
824,b236d9709b93fb7d58554c8609d4b59913b722c24ce82cf1bb2ea9460332d4a9,1
825,b23ae8b6f19da9818ef93c606428df8ff108f922251971bd85ee7ca1493d20b4,1
826,b255415dd1338a5cab22b55614382425984f63cbca3fae189afa03441795314c,2
827,b255fccaff841ed4e6bc3521158695700faa14e30807bf99ab174f3696f2706e,1
828,b2e4bc8e2719a5d60a3a35d5b080e578fec240b52df566635c36b4a9ad23fbb6,1
829,b3348732b39523c86409bfc1eee42f0d4fb4e02e51a67c0f4415448a9df7804f,1
830,b3d0405b2e2af442d9e01a013048179a8d1f4a195e887ce06a30c3e23c38beb1,2
831,b4170ada6706ef4578813cae40737211de1cd32dc8798dd80c0fd03e0d768c73,1
832,b46b4c0cc5eba51f9d2924d5ca1eda40f2295e8243f82eedd87646a86a41be8e,1
833,b475269aa191de9b91d659423a317b1d92d6f84e60f141f0446f878fc42cb0d9,1
834,b48b0e2e926c61831d08f279dbab7d8f07e8c2a5f67031430e5b2f2552503291,1
835,b4c4e1c9de0ae6dc02caa24a47f964ae10d9d1a995d3a2202ce33f9d1f227e61,2
836,b4fac5679e1df70294eaf9ae551e1890cff791aec8edaa275d6ea1df38e2fca4,1
837,b5187cac4854c683aa20ab433e1e1389b470a1dca4e201803eef38e2b728f69d,1
838,b52b2c143dc8db6ee52fa39f02eb215fc78ebe92e3baad9241751fdebd98b384,1
839,b5a06de73f4b9746f443847193c942a50031fbe78bee2fccdcb4c3a7da469b10,2
840,b5cacca84814cca59c2db6d267b86750344488b9a3597d2e7b4c5ca1ab8043a9,4
841,b5d0614c9f0772d93562fa6fa8454e8bbf8946894b2190c2f4aa0972a276041f,1
842,b5f82d083d16789201d24c89495752d06925bd87ca408a903fc3698911726d8e,1
843,b603dc5e39064fb62a985a36de24be9b8ddfc425bae262d5acd253d13292ab08,1
844,b60d264bfe9b8e80010804cc80c279b968b62304552b3c7ad4c50bb67a8eb501,1
845,b689120f8f1b2e9f0e19a13a7960102d3eda811c9a722f8340d8c6fdcd846fb9,1
846,b6a6ee194967473a6926d6f745ae907b877580d01196be2d9f8a74664c0ecabe,2
847,b70bea92ba918141cf46c37ef2ea6504979db2a2fe732e4f2c88687a0aeb30d8,1
848,b77a8271435fc0f5ee91b82883027d4fdf064dfa5074002a2c3ece344e41dd17,43
849,b7ae595dc82cc2a06cea03d9780f822804894e0cd63d05a658672a8e24e4f31a,43
850,b7b9dfbed873c4968185af99c5d83daf0b0c9461ebdd4034e09bd41c4c59cc6e,4
851,b81362b4bdad06ac0d79bbd6afd5115b0fad3531f102ec976c2932ffc2f9c993,2
852,b83037bcb58ae9bdfbcd770f6cb95c02811ee9ab2f3532ca88e38d2ebf9c28cc,1
853,b8348dd39d070921f96c3b78fe39c663ed1ec696781161c4b9a4c290dee86bd8,1
854,b85e67053e2633231f5518cc37ed464d2e195ce85e0a1a09237d7bd7e4d937b5,4
855,b8c85cdc3f848cb188ad347ea7a022554d7d1ee1b56220bb9a524c4b0aa072fe,1
856,b8c9466235d2752582fffe479612fb44b1a90d9a6cecdc94571699ceb89cc8e6,1
857,b8ef58d610a9361adb6c5dc37c53863c730c66bfa9613ea8fe56134f519ec651,43
858,b95f45d71b76d0b8f230a44a77690ddcf164dd84fc8346abfba66bef30e2e69e,4
859,b963d4f43e209cfc5200b818ca78899ed57836be59c3ed623bbc79641df52bdc,1
860,b973b26c4d891db6e64a576a50dedb30160a5ab138dcf8902cf6401b47996018,1
861,b9f24b9a4aba14556f8b8d0f1c3a47b569a7c2982cd28d6bc711624b69431fa1,1
862,ba46f13e47bedc5bc9585961f8615ce1887f2fc39249218b9f9457fdcf1531ce,2
863,baa3165a26a2187383be86b3a66a93f918e39cb742c0cfcd316fa2a4a81f02ea,1
864,baac7dcd9b1450e87c9588cece2760e837521a5c0e7763b50a6f30f1db171db3,4
865,badfdf9af263c0be26e885566f36397fd034206f75f4728ed516c2fc212934c2,1
866,bb0a51779d8580afb8adfb65e8c6746f1528fd8e5ecee2f8300860b3a219e6f1,1
867,bb14afe1f9a3e1e900ac7d8f4773f4807283ce1b37c21be9df45a6ceb59178ed,4
868,bb213eafcbfee093b1f371bd694ab4ebe3eb81436f0b545b3156875647688c73,1
869,bb2a7f954b57ec6cd9014da4abb3b66dd9253a881147af279076d024d1f43dba,4
870,bc258441d2cac1c8a8381476a2182983433f6c5e6ad9107123215ed2a9d160f5,1
871,bcd60a7f499ebf3bc913430bb5802da0468f599e92847e38cdf9e1ef5ef1d51d,1
872,bcedd1b6fb44fbb108bd075bd679428a8db4ee795bd8dae2f371dc1567c21ae8,1
873,bdd1c174d6bdb51e77933c7431facd6a7b131172c1dd7cc23df627240e70a4e6,2
874,be375522436bd6fcc7f4fd350cb1691725c85598f01607dafd3acb4a580d0978,1
875,be4fd0f2bebcfc825defd43944fe2f516ae44038c9eaac0477e5d1e04a1f8cfe,1
876,be987df0a898e02b35ef1d3f251c36eb32b586777375a6df8c890afaffd66763,1
877,be9cd3a1b26a945acdc7ba921d61bc9a53968992c22a2555e1720430fec65b8b,1
878,bf47c7c70781c11611275cce731195da5ff952ec33c2ef07eb8921e7dae93902,1
879,bf6a4ceae65d8e7cac281b3e6d420191258440b2e10a439b34e9297c4a573272,1
880,bfe174114ed5239af9809fae1c0c3422c1b0e0791d5f9f913ef256848f71023d,1
881,c00e43131195a9a5bfd95f4e195b32577898b936a2acbac68671da6043b21acf,43
882,c069f05a5b20aebe84695cbee7e80495ac45b85424be8e9c815c3736d2feb1f6,2
883,c15e160d452880c6a54f2760ddecd856ceb7e4544e7d5ecb59a750ccb0c698c4,4
884,c182d826ceb2b42f749faf0dd41929c88dff7a57a6000e2e7d16e5229ca6640b,1
885,c19b09b5a8163be8d555ec4edec0e06931cc70d21eb37ea9cbd207ea2744ce41,1
886,c1dcf231519756cfeeba9c43031357a63cd8a649eabda29d465ed8aa90fbc59e,1
887,c264d2538698aceef2f7f127c8293439eb291c9d06da261bd837c58108c1038f,1
888,c2dac828212f22f25c61e2cff4c010aeeae72d95e37a92c8e565393c0333678b,1
889,c38b6f3ff23d4353ff7c28390a09e646faa360a90e8a0252a6be09992ee87512,4
890,c3e76ce2a0f9325e93f5f876cc4e5c8c274fb7d8daa33fe4034e068e0f415b8a,4
891,c3fceeb9a72644ab3dd78c607dfbeeb67734be4de15ec0b778ea39b0d55a5ba4,1
892,c43652f03e9b62caedfdebfa3ddf518fcdd65650dc996293edcaed3a3d9300b0,1
893,c51de54bf5d43a7cd4308d18a5d2dbfd0498e079918484c5dfeee53d6bf953ab,1
894,c5733e026db5f35412479a42d82820dd5c0a53a955f67069790b57499b170c10,2
895,c70739204692501e4031a75e96f1390990661f704599e144339078d6321aa643,1
896,c74b58ae68c26f78f3d10b63c9d89b2d7aa9f70f566db0937efea8900da0d424,1
897,c7a527ba19a71b4e881e875b8033ec94231e2c20c6d7e3ae5abfc596659cf699,1
898,c8b7f422834b7b9141233b529fdc0ebdd125d023848fe2acec9c173c7f828e80,1
899,c8e97f3850d5aee700b40ed8393d84810e22a43b0ed0057b18d8377a480a1a40,2
900,c927d7834a53e41b78b157a1fee5e589aa596187ac8e07c83a393b0e188edaee,1
901,c9346baa1b5b67424ab99c2aff4cbdb8cc18ac6c99414c3f737f1a97d77300f6,1
902,c9560b7bb8f64729ade46355dd7b9937e3ce700b43d817f56767e128d0a23729,1
903,c9770c81c5f2d0151972b6f3ab35e391e62970386bee7b67a5f94e2196c1813d,4
904,ca90f39707c002760f83f743b8ae17bd6fe9705bcb580eca917aa63d515ab082,4
905,cacb5ef2024d717587f4588eeb585b6f4ba5695d36555aa16d8e5771f2f08f87,2
906,cb1780a06e3ed62d02d3e81511760e7350cdf2f6a0ffb293bffffcfb97d56b97,1
907,cb1c9b6226e609bc42a97295b24318758a1d723ce83fc5d9b49a8e0ab6d5aa37,1
908,cb32599832b73f00f7b94905b875cc836697a4adbb674f7fe62c2f0ac6ab7c57,1
909,cb36d9fe8369f853daeb8b9d2352e522c012524585ac663395785f090bd99f4b,2
910,cb4145c3b015a07988c176ddd60250259c74e89cb897fd6b1c7d0e6f1938f730,1
911,cb6ade0899df6372a97b641bd049f30c2a7cf78b91974ba9413acc2b04a5e5f6,1
912,cb7d8f2ec2c753975ff9e283ad9651447650b74985b7243f2ddcd9584abd48dd,1
913,cb88715715e25099d6da75142850e40b4581b29033731f1d35c6b4a2207173c5,1
914,cb90d9e9a746c4b992c84583dd8dfbfea49d62db6d30a2ef476ef3f41b95be36,2
915,cc9261c87ba70a6af59bbac20ef0342f228f01ec0974b63abc03fe52024b50de,1
916,cca5f5a2357b3af225d0d4bd3c5129ad82b755a70578b57e0ac109dbce782b09,1
917,ccb4e5d11298a74fd2400b67cc075564b29bea9ee87f58c2de716d8b47d859bc,1
918,cd174733a1ed0d3575d70a9ddefa2faa47b1971935cb6b5f87909632d2a065d6,1
919,cd571adaf5a5d8a5785b574f906b81ff533a5fde31056b4c6b2a7c7df1f6ef6b,1
920,ce8bc483bdb738073204208971abb8a87c8c25690a34562cce9179d66a57c826,1
921,cf49b943527d7a8baa51584625dbb4ee46ed93063717c1c284d8fe7aabac2928,2
922,cfbf51c2bff3958263b643b4f4fae675a41e7077aaca72813f47fc027c185eb2,1
923,cfe0f483162819bb33c5cf8873d274bc7f62d906efd6141fa49c5949def20190,2
924,d034d34cda8a81264d97000a1c896e78262af405fa04b17c20dfd1d1196ced1c,1
925,d07d83ed96ff90798f78771b11bbf273b4839f911d8de0d3d61ade4a9a9995f4,1
926,d12ab7524a39979fd9251c2b7b73384d6e289012e90fb508f31a92a456f1c3f9,1
927,d12f75a77fe0934c21bef9fe074b90f0b077b03134d1d0bc02239428839a2e25,1
928,d1823fc29a1e2fd64e4d57033bd78d9889f5ff8b27325da0a0d9faf74749b6d3,1
929,d1979458c47059b4720e3f15177ed02d3299b64b285accb9e01a4ec0a8d778db,1
930,d19ae371063c9f7dc1b0f23e3b808909202be5825b0227ce314a2ffb8bc81fa8,1
931,d1d7a6762f3cb833a88b221bc396a0bd574d9974e5d3f58b6a6254e9a01aca33,1
932,d1faa63ee9644e854ba9e7e95f5aa1ad35460aee4de8c5fc1a775530988520e7,4
933,d253801686c2de85402c703d3c40d5dbd3274afc69154030ca0c3124d77e4a55,1
934,d2ee474d84892ab06ec1878284d2e7034dd3e8072c2cb689527d6706e7137264,2
935,d2f5b5c21ea651bc70986f8888fc67c210eab15d1deee7835461352bdf442995,1
936,d398b29d3dbbb9bf201d4c7e1c19ff9d43c15fd45a0cec46fbe9885ec3f6e97f,1
937,d39e33ac6a35ca572877c43674ef7e014d2f3387b84fd577b9e6f3357132b1ae,2
938,d3ef9083c4b6b4875801df1a2567bf71f00edfd286c5454290249df026e7edf8,1
939,d4192f06768ab0f257c7f5e17ad021b075b995d4a186754a2ca3194ac77df31a,1
940,d46131e392fd9c324065f318c657d98f50f78b3638a71d10bb0dc6db1c917cd3,4
941,d4aad11e698fdb3f54d841485a00c6b68211f97fa03ae2bc8b4d0a107eeba0d5,1
942,d50548bc80fac0da98036fbe438c98f361512fc1a04bc60ae1caa8460e82e698,1
943,d603d5a47d59a5263d131a7ddd9ce690a4e6941a716382575d30aa667cae2d5f,1
944,d633a6d2b6ee0555cc419a922565ac63f3caa7574f5304614df178cacc248bc1,1
945,d679a8372c9f71c77527eecaec1ba24c06296fd06bcb098bb12b0324337b862f,4
946,d6ae30a621677c3699e3e59139a3150ea2770f300848794cb1e504a7d78a7faa,1
947,d6ddba22ab0188d65fe993d208404f121c19f5ec497b5acdbfd448ea13136f5c,4
948,d6e78ce1e3c6bd87125612a3028d74b889608653c07dd98d2f337731de5046a5,1
949,d76005c8e1bdd9b18099fc00fc79e7985b840844941a5ab085eb09b8f75f6db9,4
950,d7640e905b0007c9a4f29afdb550e5249cd48a83a51e520f9fe12bac13eaf743,4
951,d7887e33e0a1eccabecbdd5517474a126d4d5e064e057f96f95c12c129b53ed7,1
952,d79e1d3a28c8f2f1fb89fe6885c81323ddcc1525cc24a38e81a4d700944fe1fd,1
953,d7c4084ac8474c5a79c6e20f1c064ecd64f67eb5e0b16507850fbe23c11a1de1,2
954,d7fcdb27ad366badc57d5185df6769ae0489c86120d335b080ed82ae3c1714f9,1
955,d82881233e464348e438f96a945f33cf872372525521b298ae818734fc5b0d95,1
956,d832bc9aacc49352f6fd3e929df27a9f3ef1c71699a5c78fdc30da33712bb8d6,1
957,d89b6bf0edb5b4ffabfb4d78a78ca29279b0b9cead2bc89b65f380fefcdbfa02,1
958,d98d1b2872efadff6458cd7e0646f36ab55d4a2de863968c35ca73c99eef5b53,1
959,da1a1d090f8cee674f05eebce40ee52b4f1906cbda50d3d4cd230d2f8b29b6ed,4
960,da1b5fe23d21956f975f7911acb3c912d7b1602774146a6a5c0ddc8432ddc34d,2
961,da2b7f5353be742fd8c973cd474c8b335163c83feb40ebb76f1de04b42f511ac,1
962,da36d4bd26540a90ef0bb263701b5b992be53078a36d3043d63b2a23001f2217,1
963,da7df2a4dbc2691c3e17484497d21a832e7e36d2b86378822c16c7f2faa33123,1
964,daf9a4e9133f9723ba8cef08cfb5fccd438e7bac1adaf11168eef93a887bb0d1,1
965,db5a9c5767be2d3adf3c83f619a42596cf9edc6e9770df3394fb846a6d68212d,2
966,db76365fd560a88607a4a5bc9d340c4aaa44d17bf63a5656adbb5fd978671606,1
967,db7a7c90430b892479fdca9acfaeb9c7d43e6e89cae317f0069e246e8c782885,4
968,dc2abb4ea31f386fcc1052a6781da3864009022b671822b9279dbe991c5afd21,1
969,dc7124d2fedfee4f340374eca91addd61a11f40cb082e9590f41943662f1616c,1
970,dcf6e1cb5ba747f37a936492327e3f5b69ea596b0ed4471612b0f77e9d5dacff,1
971,dd1dc7df3fa23b645c9c25216c69163c32c88b9a0303b5073da3c55708ff9602,1
972,dd361958a7249439f598cc77f14c9298574be7e8ad8fbb7bb9128cc07a649c93,1
973,dd80c45f0c4e89d2497055d7bd1f4c1458135c8af51a5b766c5f80e8afe5d27c,4
974,de2f9cc61da420345c869f9d7f9a48061a23b1a80033cac5a9b7ddaa89da0d27,1
975,dec03dcf44e77e11cc72057be9a27dc21c145ce811c698cd03ff64f94ec52b2c,1
976,dec47bd792ba033f71f1c7863852f5974c637c1bd696d6ea2f20e54fe0eb2ba8,43
977,df813991bcaa1c4a2cf91d9bcbceb8a3e87b3d48c25cbda93dee9a2cbd407e53,1
978,df85d0b13e540fa3b07eb1c61e392b4ebf42da9007f22933e23387e8bc6ec5f7,1
979,e05f3d9b694564bf1f394c8d326a032464707dcc56eba42d8bf702a7d132ac89,1
980,e07009143a478538770d64d25d4ab07ddbd1fe56ac7eec25def6d28196fd35af,1
981,e0d717fd1b0d2fc872833c196072a519461a202dd933d5a308d7e16a4b9c3dee,1
982,e0dddcd223e0bf37bdb05e5c56bc57daf2c29caa68edb0664fc99b648a8ddd84,43
983,e1193f9bae46352df7bbbeb07cfae07f448a393203ca265f6e6876d2c4cd56b3,1
984,e16e941cf92513437a20ad64986d91ccbdbbdd799e84642b3f7f938e58dc7001,43
985,e192cdf194298cec0cece9a75a06d1e0b1e8b922b109f2a04bc7c53474b1aa09,4
986,e1c6e8ba6646041420d0efffdb637039e9f5c4d4f27bef21d4706bbec9dbe252,1
987,e1d8f5fa68b6958acaf42074ce5c21f895c067fa7f17e985e12c9f5c30dadfea,1
988,e20c996edc342b0e8fe4abe8a1b4373ae040e36b367cf6188e43d04950b7f6c6,4
989,e23fff0a01f61e25902c9a6f1389f168fc417ca7f6640edb80a8d40d995e5511,4
990,e2c14e52d6297ec58b4342d8907bea3e3791a56128edd49690f98c586f693c06,4
991,e32acf734dec10fb3e26f599bc64acd7fa3ad2aebd5d778489192a3cfde7d791,1
992,e36fcb159fe163c4b4dfbec62664b8ba08f514120e2aa92bf7fb5483d290e1bb,1
993,e39cb644d0d8bf06f8fd6332dd2caafb3a08421876ceef506261a2f9106295fb,4
994,e3beb314c432e9b3579316290d1bb98da7d5826722369710d8ef1375a9ec695b,4
995,e3ff67a034be1f249caab8a72f61e8ad2a64e417b5ce6e0941416e56e591994d,2
996,e45b616c246ec05f6fe31c784f1eb9e7bd485b72038f2c962fc2ae8a158f6c20,1
997,e546531ec1a33f1a2bc03906a1bc76a45e6ec859bf02a2dca2b7b4a90e683856,4
998,e5ff9d69d01659e0e223bf871372fd0bd419ac2bb9d5f1be7239639f1b166252,2
999,e6140d864a2de8d7a1d470b2da77562f57946b400fa1298c73399ffc29a6e21a,1
1000,e62fc7f4f92cd9a65e84bfe3c31f6e9bf117b4709067eac106b9715cb5f0fc02,1
1001,e6608525385db9baf5c17e55b55765ac06df010a22ad7a41dfa61b5680a008a3,1
1002,e6f752ce63d886a49d4bcbeadeeb5adb134f19f409d664d338f83c143f3fac09,1
1003,e798b304cade09fd0d01e27621459320dc07f4bba41a6ba5afbb2955b551d69c,1
1004,e8f826d2f79233040ce2db2d12a8899204e4f6aafaba00a6a2820da4249ef5cc,4
1005,e97faa16deee9b2f9c29b888806fa08d08744fb4907eefecd183710fc2b57b18,1
1006,e9cfd9f31e4566c22dac0ec2a45735bf1ff4297f00cf954582c6eeba6ee95c46,1
1007,ea0b5414159df568d0cff4960d1de71ff2888f55cae120f8f6856d9497854ffa,1
1008,ea64fc9d7d28851e1835cb61d27de9843b283f720732fdfcaa6614f9de61d68a,1
1009,ea70710243ad5ffb0c1549cf2862566570db9465702f622a4e3319934a84a4d7,3
1010,eaafc6ebbec7c909b4e9fee8e1635b2c151f85559af1ee53a785ca408658fbc5,4
1011,eabee6aaeeceb344e06c13b827b56eba0b7137b614599d6f46780108af531f82,1
1012,eac53a9398fca80634a95824fe4c56320e3874348c432202bf694d1a02d71f57,1
1013,eadba67144892916f2b3247a27a662c7dda14e7bfd0afac64fa0aede67be78f6,1
1014,eb03ccaddc70ccc42a8538f319221da7e3025b813a4f76a63a470b6b25a0f853,1
1015,eb1e62c7f6583565ee355c67f42ef0e14f9cd52a9815c0703d890344d6eebb1d,2
1016,ebdc692d9152b7b8e75c11b80933390eb5b67856834882f0d6fa7b203c94890f,1
1017,ec4fec4dc5f6e541f80cc0091669f2431acba543a3a2378960c45ff1a27d595c,1
1018,ec519948a23d53fae96c958dd076cb9300112b63f371ef898000d94257b00e23,2
1019,ec95129b1b6040802bd4ccfb9aa18fd1adfe6acea7c465ee137f39982425dddd,1
1020,ed187fb6375f65f1376e867525369100084678d569903e93f016304c2522ea14,1
1021,ed7afae76a10b69baa6e81fb3646a3db99f09f6e3191238f4dc860b74893c367,1
1022,edfe00058c7f8200538d22526c590339f60a3f6edc28e4cb50ba0e442308dc46,1
1023,ee024c4366fc323acb9ad725fe1242e0d51325b150fa50f533b4fd25420020d4,1
1024,ee7a33787c9d188662f7eabbc2613f85a6993d1564eaeb56121a19159f742377,1
1025,eef8f6056e47dfcf6bbff56999186b60bc6daebf6dcb32a36a08464686d7d06f,4
1026,ef2b32d0836f459a0407a6cb4094e81b2fdd01eeda3dbba76c02e1dbe24129e0,1
1027,ef3416c8ea938e8c669804ef1715412c2ee40ba737e1a27b5eec21784b5fb72c,43
1028,ef5a958f2703f5f55891d916e84426555f233f86eadbf1a5b884449c556556c8,1
1029,ef7e8a671ac9b39226318e8600a973687c7687523f50a93ef11ee5e098b70389,1
1030,ef8c8682d25362e723900a633dc2cd230818a405057f74282f5e1840a6a607eb,1
1031,efe0233a505f5694cb94d27c91d54dce820119f25866e088098c40c68f28c53a,4
1032,efe81c60d8da1d97d2db1c53cba3c5583f7ae6950f8b59774493dd2c5684b9b0,1
1033,effe39a40e48156c96dd9d3cfcc5977ece27f19fbef12d6b3c6d6a86f0f93d5e,1
1034,f019f0ab76c66c51943b4618fbc33e78c28fa5145c1c2d9baf0984d1b7402457,1
1035,f0492e942d51a1f3973657aa3a891c9b1d5453b2d3ed895e2ac16070602dffba,1
1036,f09e3b8403ff8cc3480415653e284b4a02dc39cf0680e22edb37fc14520febb0,2
1037,f0d4902db732b77c6953b5ab680004d6156761e9756ba5b8e2dc803b264033fd,1
1038,f16e51dc05cd2d629aadcd834d7b6ce5bff5e929f49f18bf277c1b170008aacf,1
1039,f1bb2d6246e8182bda612b78ef97192490ebab0eedd2012de81bd483b1becb4a,1
1040,f23a3be779458493c80da9083991b32b0e4dcd21b680fd9213e12a6c47c33675,2
1041,f285d7c06326581ad113558255d9f87fb0fe9ebdee9bcc3cb967819ccada94cb,1
1042,f2f622ddb2419d21dfc5f500680950bc47370ea041f8681620e749f4c36a87f3,43
1043,f305ff772dd837e3f812871486c082279c6c3ed2f758f758ab50ef249ef89e93,4
1044,f3742dfddff315292f25b2374a47e2f0537ffc33580d79c30fb38752ab62dd9d,1
1045,f3e0a5976e99b4c72ddbb0d32422a26db284114b0d827443163bb399ff956acf,2
1046,f3e7d29befb54524e15a822e02c9fa7efb4b5d3ac2a6ed82bd2589b8997b008d,4
1047,f425a4c4a849225a4cf619cf6c01bacd1a58fb7855abe3be63a88df8221d5f5c,1
1048,f4774f389216056a9b67fe9fa591d8b8f0c2adf26985a6d1bf3672c189093240,43
1049,f4b281b87386e3a1f6e5572ac5b9d985eafbc171c7a9e92c112a85ece3829ef6,4
1050,f4ec13e7a13994963e8df9fa0db4aebb2dee7c2882fe2620c395bb4be95c4c1d,4
1051,f56c15b16fcb955f83ac5e47c12525d31476d3605792bed17d5dc6c59a742c35,1
1052,f5b836ae24835ff83d34c4cbfc63dfa2ebb1f1e53a3e2130c041c100265c92ea,1
1053,f7c22a367e99d5bda9fb1597068e29e83f85d22a7db241f198886b363bf41d66,1
1054,f800eaef396288db4099a57a14544ea67f3668849d84875c82e6c6d217e32be5,1
1055,f8095c48d05025b05d702da662117ad4cb1afb603eb9a2c0217041555bd5306d,1
1056,f844518c36680d8d6f905ad537fbc76419bf4fd5e4e5642905de69429e398d36,1
1057,f86d506d3fb6af0cedce488293b6bfc6920713ea3b1641e4a0c6ccf2cca21ee4,1
1058,f8a760e3703760ce37f21fcb9668d296b3ae1af934cd3767428bfc419dbafe9d,1
1059,f8fdaa021ea5c4bbea0e8ff0742eea8649169d876904b2a12d619a211090e36c,2
1060,f95f0f137f7346e46021775038ac0f6fb301795bfcf7ee9625f000c48fb74a59,43
1061,f9a6a10ad37f65a73dd4eaba7246f2aa26b3483a4aabb69f314e70078a561ffd,1
1062,f9ca4044fc874991a5d751fa45e85a9126a42de234df8502836d256f38d6a324,1
1063,fafe936ebd83f2a255f5444175978eb39a395bf8436cc6378cddc56ca88a3014,1
1064,fb28e856199382878f39564e902199ec2d519bf5dfaa0a4fc79f2198e03b41c7,4
1065,fb3ccf4c7c5d12527a823ae16728fe6a31ee65f00d2da042a1775bf34e22493e,1
1066,fb822357a806021cafd7357b4d49071b141890fd3fcc95e0755a70b30d981a66,1
1067,fba4b9b0034df5910a9433bbb36772ccaf3d775b6adb5f66b96d4c0cc27fa95d,1
1068,fba60ddcd80b963d97088e4e0ac82c76f9434eee0b9e542f33345489cd2f584b,3
1069,fcb4af9732624c2b0802e9ca066298de50e05ab390a69bd4935f808909f5d8ed,2
1070,fcc50d56654bd6e3fe3aaa7eabae4aed68cebc9ae1d0cc56348f900d641d1f0e,4
1071,fdddb7ff6f41dadcdfd96eda412d6cf5dae1de323112b764d00d4921f558e55f,1
1072,fdf5ca9f3b4300b5e81144d90ceda40ccff2c77ec5bc31532ebfb5c87b18c3f5,1
1073,fe4abf2fbd236caeb3e04b36379e7394bfb67c1beef1b49e8f181d8245e601c6,1
1074,ff829fe752121ac0a41d2e262615d45572f001419f895a1c9d4fe106eae53d73,1
